省名,站名,站名简码
安徽,安庆,AQI
安徽,安庆西,AQX
安徽,蚌埠,BBU
安徽,蚌埠南,BBN
安徽,长安集,CAJ
安徽,巢北,CBE
安徽,巢湖,CHU
安徽,池州,CZH
安徽,滁州,CZH
安徽,滁州北,CZB
安徽,定远,DYU
安徽,东至,DZH
安徽,墩义堂,DYT
安徽,肥东,FDO
安徽,肥西,FXI
安徽,凤阳,FYA
安徽,符离集,FLJ
安徽,阜南,FNA
安徽,阜阳,FYA
安徽,固镇,GZH
安徽,广德,GDE
安徽,合肥,HFE
安徽,合肥北城,HFC
安徽,合肥西,HFX
安徽,淮北,HBE
安徽,淮南,HNA
安徽,淮南东,HND
安徽,黄山,HSH
安徽,霍邱,HQI
安徽,绩溪县,JXX
安徽,金寨,JZH
安徽,柯坦,KTA
安徽,灵璧,LBI
安徽,六安,LAN
安徽,庐江,LJI
安徽,炉桥,LQI
安徽,马鞍山,MAS
安徽,明光,MGU
安徽,宁国,NGU
安徽,祁门,QME
安徽,青龙山,QLS
安徽,全椒,QJI
安徽,三十里铺,SSP
安徽,三堂集,STJ
安徽,狮子山,SZS
安徽,舒城,SCH
安徽,水家湖,SJH
安徽,宿松,SSO
安徽,宿州,SZH
安徽,宿州东,SZD
安徽,太和县,THX
安徽,太湖,THU
安徽,天柱山,TZS
安徽,桐城,TCH
安徽,铜陵,TLI
安徽,望江,WJI
安徽,涡阳,GYA
安徽,芜湖,WHU
安徽,新河,XHE
安徽,宣城,XCH
安徽,叶集,YJI
安徽,裕溪口,YXK
安徽,张集,ZJI
安徽,亳州,BZH
安徽,泗县,SXI
安徽,歙县,SXI
安徽,砀山,DSH
安徽,颍上,YSH
北京,安定,ADI
北京,八达岭,BDL
北京,北京,BJI
北京,北京北,BJB
北京,北京东,BJD
北京,北京南,BJN
北京,北京西,BJX
北京,北宅,BZH
北京,昌平,CPI
北京,昌平北,CPB
北京,大灰厂,DHC
北京,杜家坎所,DJS
北京,房山,FSH
北京,丰台,FTA
北京,丰台西,FTX
北京,高各庄,GGZ
北京,孤山口,GSK
北京,官高,GGA
北京,广安门,GAM
北京,怀柔,HRO
北京,怀柔北,HRB
北京,黄村,HCU
北京,黄土坡,HTP
北京,京联合,JLH
北京,康庄,KZH
北京,良各庄,LGZ
北京,良乡,LXI
北京,琉璃河,LLH
北京,落坡岭,LPL
北京,密云,MYU
北京,庙城,MCH
北京,南观村,NGC
北京,南口,NKO
北京,苹果园,PGY
北京,平峪,PYU
北京,青龙桥,QLQ
北京,清河,QHE
北京,清华园,QHY
北京,三合庄,SHZ
北京,三家店,SJD
北京,沙河,SHE
北京,上万,SWA
北京,十渡,SDU
北京,石景山南,SJN
北京,双桥,SQI
北京,顺义,SYI
北京,通州西,TZX
北京,统军庄,TJZ
北京,魏善庄,WSZ
北京,西道口,XDK
北京,斜河涧,XHJ
北京,延庆,YQI
北京,沿河城,YHC
北京,燕山,YSH
北京,雁翅,YCH
北京,亦庄,YZH
北京,云居寺,YJS
北京,张辛,ZXI
北京,周口店,ZKD
北京,珠窝,ZWO
福建,安溪,AXI
福建,草坂,CBA
福建,长基,CJI
福建,长庆,CQI
福建,长汀,CTI
福建,大深,DSH
福建,杜坞,DWU
福建,福安,FAN
福建,福德,FDE
福建,福鼎,FDI
福建,福清,FQI
福建,福州,FZH
福建,福州南,FZN
福建,感德,GDE
福建,格口,GKO
福建,古田,GTI
福建,冠豸山,GZS
福建,光泽,GZE
福建,涵江,HJI
福建,涵江北,HJB
福建,湖头,HTO
福建,华安,HAN
福建,基太,JTA
福建,建宁县北,JNB
福建,建阳,JYA
福建,建瓯,JOU
福建,将乐,JLE
福建,角美,JME
福建,金谷,JGU
福建,晋江,JJI
福建,来舟,LZH
福建,连江,LJI
福建,龙山镇,LSZ
福建,龙岩,LYA
福建,罗源,LYU
福建,马坑,MKE
福建,麦园,MYU
福建,梅水坑,MSK
福建,闽清,MQI
福建,南安,NAN
福建,南靖,NJI
福建,南平,NPI
福建,南平南,NPN
福建,宁德,NDE
福建,苹林,PLI
福建,莆田,PTI
福建,前场,QCH
福建,青州,QZH
福建,泉州,QZH
福建,泉州东,QZD
福建,三明,SMI
福建,三明北,SMB
福建,沙县,SXI
福建,上杭,SHA
福建,邵武,SWU
福建,顺昌,SCH
福建,苏坂,SBA
福建,泰宁,TNI
福建,太姥山,TMS
福建,外洋,WYA
福建,武夷山,WYS
福建,霞浦,XPU
福建,厦门,XME
福建,厦门北,XMB
福建,厦门高崎,XMQ
福建,夏茂,XMA
福建,仙师,XSH
福建,小舟,XZH
福建,杏林,XLI
福建,雁石,YSH
福建,永安,YAN
福建,永定,YDI
福建,永泰,YTA
福建,尤溪,YXI
福建,云霄,YXI
福建,樟林,ZLI
福建,漳平,ZPI
福建,漳浦,ZPU
福建,漳州,ZZH
福建,漳州东,ZZD
福建,中仙,ZXI
福建,诏安,ZAN
福建,坂尾,BWE
甘肃,安北,ABE
甘肃,安口窑,AKY
甘肃,白银市,BYS
甘肃,白银西,BYX
甘肃,长城,CCH
甘肃,长征,CZH
甘肃,陈官营,CGY
甘肃,崇信,CXI
甘肃,打柴沟,DCG
甘肃,大武口,DWK
甘肃,低窝铺,DWP
甘肃,定西,DXI
甘肃,东湾,DWA
甘肃,敦煌,DHU
甘肃,丰水村,FSC
甘肃,甘草店,GCD
甘肃,甘谷,GGU
甘肃,皋兰,GLA
甘肃,高台,GTA
甘肃,古浪,GLA
甘肃,瓜州,GZH
甘肃,河口南,HKN
甘肃,贺家店,HJD
甘肃,黑冲滩,HCT
甘肃,宏庆,HQI
甘肃,红柳河,HLH
甘肃,红砂岘,HSX
甘肃,红岘台,HXT
甘肃,黄羊镇,HYZ
甘肃,徽县,HXI
甘肃,嘉峪关,JYG
甘肃,金昌,JCH
甘肃,景泰,JTA
甘肃,镜铁山,JTS
甘肃,靖远,JYU
甘肃,靖远西,JYX
甘肃,酒泉,JQU
甘肃,兰州,LZH
甘肃,兰州东,LZD
甘肃,兰州西,LZX
甘肃,狼尾山,LWS
甘肃,李家坪,LJP
甘肃,两当,LDA
甘肃,临泽,LZE
甘肃,柳沟,LGO
甘肃,柳园,LYU
甘肃,龙沟,LGO
甘肃,龙泉寺,LQS
甘肃,陇西,LXI
甘肃,绿化,LHU
甘肃,洛门,LME
甘肃,骆驼巷,LTX
甘肃,庙庄,MZH
甘肃,南河川,NHC
甘肃,磐安镇,PAZ
甘肃,平凉,PLI
甘肃,平凉南,PLN
甘肃,平原堡,PYP
甘肃,坡底下,PDX
甘肃,桥湾,QWA
甘肃,桥西,QXI
甘肃,清水,QSH
甘肃,庆阳山,QYS
甘肃,三阳川,SYC
甘肃,桑园子,SYZ
甘肃,山丹,SDA
甘肃,上腰墩,SYD
甘肃,邵家堂,SJT
甘肃,神峪河,SYH
甘肃,石峡子,SXZ
甘肃,疏勒河,SLH
甘肃,水源,SYU
甘肃,谭家井,TJJ
甘肃,天水,TSH
甘肃,天祝,TZH
甘肃,通安驿,TAY
甘肃,土门子,TMZ
甘肃,王家湾,WJW
甘肃,渭南镇,WNZ
甘肃,吴家川,WJC
甘肃,武山,WSH
甘肃,武威,WWE
甘肃,武威南,WWN
甘肃,西固城,XGC
甘肃,夏官营,XGY
甘肃,小泉东,XQD
甘肃,新李,XLI
甘肃,新阳镇,XYZ
甘肃,兴泉堡,XQP
甘肃,许家台,XJT
甘肃,许三湾,XSW
甘肃,营盘水,YPS
甘肃,永登,YDE
甘肃,玉门,YME
甘肃,玉门东,YMD
甘肃,玉石,YSH
甘肃,鸳鸯镇,YYZ
甘肃,元龙,YLO
甘肃,园墩,YDU
甘肃,岳家井,YJJ
甘肃,云田乡,YTX
甘肃,张掖,ZYE
甘肃,朱家窑,ZJY
甘肃,芨岭,JLI
广东,北,BJI
广东,碧江,BJI
广东,常平,CPI
广东,潮汕,CSH
广东,潮阳,CYA
广东,潮州,CZH
广东,车岗,CGA
广东,春湾,CWA
广东,翠亨,CHE
广东,大埔,DPU
广东,电白,DBA
广东,东升,DSH
广东,东莞,DGU
广东,东莞东,DGD
广东,丰顺,FSH
广东,佛山,FSH
广东,高州,GZH
广东,古镇,GZH
广东,光明城,GMC
广东,广州,GZH
广东,广州北,GZB
广东,广州东,GZD
广东,广州南,GZN
广东,广州西,GZX
广东,和平,HPI
广东,河源,HYU
广东,虎门,HME
广东,华城,HCH
广东,化州,HZH
广东,惠东,HDO
广东,惠州,HZH
广东,惠州南,HZN
广东,惠州西,HZX
广东,江海,JHA
广东,江门,JME
广东,揭阳,JYA
广东,锦和,JHE
广东,九龙,JLO
广东,葵潭,KTA
广东,乐昌,LCH
广东,雷州,LZH
广东,礼乐,LYU
广东,连江口,LJK
广东,廉江,LJI
广东,龙川,LCH
广东,芦洪市,LHS
广东,陆丰,LFE
广东,茂名,MMI
广东,茂名东,MMD
广东,梅州,MZH
广东,明珠,MZH
广东,南朗,NLA
广东,南头,NTO
广东,坪石,PSH
广东,平湖,PHU
广东,平湖南,PHN
广东,普宁,PNI
广东,前山,QSH
广东,清远,QYU
广东,庆盛,QSH
广东,饶平,RPI
广东,容桂,RGU
广东,三水,SSH
广东,沙琅,SLA
广东,汕头,STO
广东,汕尾,SWE
广东,韶关,SGU
广东,韶关东,SGD
广东,深圳,SZH
广东,深圳北,SZB
广东,深圳东,SZD
广东,深圳坪山,SZS
广东,深圳西,SZX
广东,石龙,SLO
广东,顺德,SDE
广东,顺德学院,SDY
广东,遂溪,SXI
广东,塘口,TKO
广东,唐家湾,TJW
广东,桃映,TYI
广东,天堂,TTA
广东,吴川,WCH
广东,西丽,XLI
广东,小榄,XLA
广东,新会,XHU
广东,新兴县,XXX
广东,信宜,XYI
广东,兴宁,XNI
广东,徐闻,XWE
广东,阳春,YCH
广东,英德,YDE
广东,英德西,YDX
广东,源潭,YTA
广东,湛江,ZJI
广东,湛江西,ZJX
广东,樟木头,ZMT
广东,肇庆,ZQI
广东,中山,ZSH
广东,中山北,ZSB
广东,珠海,ZHA
广东,珠海北,ZHB
广东,坂田,BTI
广东,琥市,HSH
广东,畲江,SJI
广东,门,HME
广西,八渡,BDU
广西,百浪,BLA
广西,百里村,BLC
广西,百色,BSE
广西,板其,BQI
广西,板桃,BTA
广西,北海,BHA
广西,北流,BLI
广西,长岗岭,CGL
广西,程村,CCU
广西,崇左,CZU
广西,大岭,DLI
广西,大拟,DNI
广西,大溶江,DRJ
广西,大王滩,DWT
广西,大元,DYU
广西,德胜,DSH
广西,防城,FCH
广西,防城港,FCG
广西,防城港北,FCB
广西,凤凰,FHU
广西,扶绥,FSU
广西,富川,FCH
广西,根龙,GLO
广西,古砦,GZH
广西,桂林,GLI
广西,桂林北,GLB
广西,桂平,GPI
广西,贵港,GGA
广西,合浦,HPU
广西,河唇,HCH
广西,贺州,HZH
广西,黄沙河,HSH
广西,江西村,JXC
广西,金城江,JCJ
广西,金鸡村,JJC
广西,井头墟,JTX
广西,康熙岭,KXL
广西,来宾,LBI
广西,来宾北,LBB
广西,蓝家村,LJC
广西,老堡,LBA
广西,黎塘,LTA
广西,黎塘西,LTX
广西,伶俐,LLI
广西,柳城,LCH
广西,柳州,LZH
广西,柳州南,LZN
广西,柳州直销,LZX
广西,龙伯屯,LBT
广西,隆安,LAN
广西,鹿寨,LZH
广西,鹿寨北,LZB
广西,潞城乡,LCX
广西,陆川,LCH
广西,洛东,LDO
广西,洛满,LMA
广西,马皇,MHU
广西,马路圩,MLX
广西,茅岭,MLI
广西,庙头,MTO
广西,那罗,NLU
广西,那铺,NPU
广西,南丹,NDA
广西,南宁,NNI
广西,南宁东,NND
广西,宁村,NCU
广西,宁明,NMI
广西,平果,PGU
广西,平林村,PLC
广西,平南南,PNN
广西,凭祥,PXI
广西,钦州,QZH
广西,钦州东,QZD
广西,渠旧,QJI
广西,渠黎,QLI
广西,全州,QZH
广西,全州南,QZN
广西,融安,RAN
广西,融水,RSH
广西,容县,RXI
广西,三江县,SJX
广西,绍水,SSH
广西,双蒙,SME
广西,太阳村,TYC
广西,塘库,TKU
广西,藤县,TXI
广西,天西,TXI
广西,田丁,TDI
广西,田东,TDO
广西,田林,TLI
广西,田阳,TYA
广西,亭亮,TLI
广西,汪甸,WDI
广西,文地,WDI
广西,梧州,WZH
广西,梧州南,WZN
广西,吴圩,WXU
广西,下塘,XTA
广西,夏石,XSH
广西,小董,XDO
广西,兴安,XAN
广西,兴安北,XAB
广西,兴业,XYE
广西,牙屯堡,YTP
广西,严关乡,YGX
广西,叶茂,YMA
广西,宜州,YZH
广西,永福,YFU
广西,永福南,YFN
广西,永乐,YLE
广西,玉林,YLI
广西,寨隆,ZLO
广西,钟山,ZSH
广西,岑溪,CXI
广西,泗亭,STI
广西,濑湍,LTU
贵州,安龙,ALO
贵州,安顺,ASH
贵州,白鸡坡,BJP
贵州,白水河,BSH
贵州,柏果,BGU
贵州,宝老山,BLS
贵州,曹家湾,CJW
贵州,草海,CHA
贵州,册亨,CHE
贵州,岔江,CJI
贵州,昌明,CMI
贵州,茨冲,CCH
贵州,从江,CJI
贵州,打括,DKU
贵州,打羊,DYA
贵州,大河坝,DHB
贵州,大湾,DWA
贵州,都格,DGE
贵州,都匀,DYU
贵州,都匀东,DYD
贵州,独山,DSH
贵州,二道岩,EDY
贵州,发耳,FER
贵州,峰洞,FDO
贵州,福泉,FQU
贵州,高峰,GFE
贵州,高炉子,GLZ
贵州,高坪铺,GPP
贵州,革居,GJU
贵州,关寨,GZH
贵州,贵定,GDI
贵州,贵定南,GDN
贵州,贵阳,GYA
贵州,贵阳北,GYB
贵州,贵阳东,GYD
贵州,贵阳西,GYX
贵州,河阳,HYA
贵州,红果,HGU
贵州,红花园,HHY
贵州,湖潮,HCH
贵州,花家庄,HJZ
贵州,花土坡,HTP
贵州,化处,HCH
贵州,黄平,HPI
贵州,黄丝,HSI
贵州,黄桶,HTO
贵州,汇塘河,HTH
贵州,鸡场坡,JCP
贵州,加劳,JLA
贵州,蕉溪,JXI
贵州,金钟,JZH
贵州,九龙塘,JLT
贵州,开阳,KYA
贵州,凯里,KLI
贵州,滥坝,LBA
贵州,老锅厂,LGC
贵州,老王洞,LWD
贵州,李家湾,LJW
贵州,李子沟,LZG
贵州,凉风垭,LFY
贵州,凉水井,LSJ
贵州,两所屯,LST
贵州,六个鸡,LGJ
贵州,六盘水,LPS
贵州,六盘水南,LPN
贵州,六枝,LZH
贵州,龙广,LGU
贵州,龙里,LLI
贵州,龙里北,LLB
贵州,娄山关,LSG
贵州,鲁番,LFA
贵州,麻江,MJI
贵州,麻尾,MWE
贵州,马场,MCH
贵州,马嘎,MGA
贵州,茅草坪,MCP
贵州,么铺,YPU
贵州,梅花山,MHS
贵州,蒙渡,MDU
贵州,墨冲,MCH
贵州,木竹河,MZH
贵州,那玉,NYU
贵州,南江,NJI
贵州,盘关,PGU
贵州,品甸,PDI
贵州,平坝,PBA
贵州,平关,PGU
贵州,平田,PTI
贵州,葡萄菁,PTQ
贵州,普定,PDI
贵州,青溪,QXI
贵州,清水沟,QSG
贵州,清水河西,QSX
贵州,三都县,SDX
贵州,三家寨,SJZ
贵州,三江农场,SJC
贵州,三元坝,SYB
贵州,沙厂坪,SCP
贵州,沙沱,STU
贵州,上西铺,SXP
贵州,施秉,SBI
贵州,石板哨,SBS
贵州,石丫口,SYK
贵州,双水,SSH
贵州,水城,SCH
贵州,水花,SHU
贵州,松坝,SBA
贵州,松河,SHE
贵州,松坎,SKA
贵州,松桃,STA
贵州,太白,TBA
贵州,天龙,TLO
贵州,桐木寨,TMZ
贵州,桐梓,TZI
贵州,铜仁,TRE
贵州,瓦窑田,WYT
贵州,威舍,WSH
贵州,威箐,WJI
贵州,息烽,XFE
贵州,相思河,XSH
贵州,小雨谷,XYG
贵州,新场,XCH
贵州,新坪田,XPT
贵州,新平坝,XPB
贵州,星朗,XLA
贵州,兴义,XYI
贵州,学庄,XZH
贵州,羊昌,YCH
贵州,羊坪,YPI
贵州,营街,YJI
贵州,雨格,YGE
贵州,玉屏,YPI
贵州,玉舍,YSH
贵州,元田坝,YTB
贵州,月亮田,YLT
贵州,镇远,ZYU
贵州,郑屯,ZTU
贵州,织金,ZJI
贵州,朱嘎,ZGA
贵州,朱石寨,ZSZ
贵州,遵义,ZYI
贵州,迤那,YNA
贵州,榕江,RJI
海南,博鳌,BAO
海南,东方,DFA
海南,海口,HKO
海南,海口东,HKD
海南,陵水,LSH
海南,美兰,MLA
海南,琼海,QHA
海南,三亚,SYA
海南,神州,SZH
海南,万宁,WNI
海南,文昌,WCH
海南,亚龙湾,YLW
河北,艾河,AHE
河北,霸州,BZH
河北,白涧,BJI
河北,白旗,BQI
河北,百里峡,BLX
河北,板城,BCH
河北,保定,BDI
河北,保定东,BDD
河北,北戴河,BDH
河北,北马圈子,BMZ
河北,北舍,BSH
河北,北屯,BTU
河北,泊头,BTO
河北,沧州,CZH
河北,沧州西,CZX
河北,柴沟堡,CGP
河北,昌黎,CLI
河北,超梁沟,CLG
河北,朝阳地,CYD
河北,承安铺,CAP
河北,承德,CDE
河北,承德东,CDD
河北,磁山,CSH
河北,磁西,CXI
河北,磁县,CXI
河北,大厂县,DCX
河北,大盘石,DPS
河北,大营镇,DYZ
河北,大杖子,DZZ
河北,定兴,DXI
河北,定州,DZH
河北,定州东,DZD
河北,东大坝,DDB
河北,东光,DGU
河北,东花园,DHY
河北,东戌,DXU
河北,洞庙河,DMH
河北,豆庄,DZH
河北,段甲岭,DJL
河北,二道沟门,EDM
河北,丰南,FNA
河北,浮图峪,FTY
河北,福山口,FSK
河北,福山寺,FSS
河北,抚宁,FNI
河北,富庄子,FZZ
河北,高碑店,GBD
河北,高碑店东,GBD
河北,高邑,GYI
河北,高邑西,GYX
河北,贡家台,GJT
河北,固安,GAN
河北,官厅,GTI
河北,官厅西,GTX
河北,广德号,GDH
河北,郭磊庄,GLZ
河北,邯郸,HDA
河北,邯郸东,HDD
河北,韩麻营,HMY
河北,和村,HCU
河北,河间西,HJX
河北,河洛营,HLY
河北,衡水,HSH
河北,猴山,HSH
河北,虎什哈,HSH
河北,黄家店,HJD
河北,获鹿,HLU
河北,获鹿所,HLS
河北,纪家沟,JJG
河北,甲山,JSH
河北,金沟屯,JGT
河北,晋州,JZH
河北,井店,JDI
河北,井南,JNA
河北,井陉,JXI
河北,旧庄窝,JZW
河北,康城,KCH
河北,孔家庄,KJZ
河北,狼山,LSH
河北,狼窝铺,LWP
河北,廊坊,LFA
河北,廊坊北,LFB
河北,梁底下,LDX
河北,良村,LCU
河北,林村,LCU
河北,流水沟,LSG
河北,六道河子,LDZ
河北,龙华,LHU
河北,龙家营,LJY
河北,龙家营所,LJS
河北,隆化,LHU
河北,卢龙,LLO
河北,滦河,LHE
河北,滦河沿,LHY
河北,滦平,LPI
河北,滦县,LXI
河北,滦县东,LXD
河北,螺山,LSH
河北,落垡,LFA
河北,马柳,MLI
河北,马铺营,MPY
河北,马头,MTO
河北,庙宫,MGO
河北,南城司,NCS
河北,南大庙,NDM
河北,南宫东,NGD
河北,南湾子,NWZ
河北,南峪,NYU
河北,南张村,NZC
河北,闹海营,NHY
河北,牛驼,NTU
河北,徘徊北,PHB
河北,潘家店,PJD
河北,彭城,PCH
河北,偏店,PDI
河北,平坊,PFA
河北,平泉,PQU
河北,奇峰塔,QFT
河北,迁安,QAN
河北,前磨头,QMT
河北,前苇塘,QWT
河北,秦皇岛,QHD
河北,青县,QXI
河北,清风店,QFD
河北,清河城,QHC
河北,清凉店,QLD
河北,饶阳,RYA
河北,任丘,RQI
河北,三河县,SHX
河北,三平,SPI
河北,沙城,SCH
河北,沙河市,SHS
河北,沙岭子,SLZ
河北,沙子河,SZH
河北,沙坨子,STZ
河北,山海关,SHG
河北,上安,SAN
河北,上板城,SBC
河北,上板城南,SBN
河北,上谷,SGU
河北,涉县,SXI
河北,深州,SZH
河北,石家庄,SJZ
河北,石家庄北,SJB
河北,石郎庄,SLZ
河北,什里店,SLD
河北,四合永,SHY
河北,肃宁,SNI
河北,塔崖驿,TYY
河北,汤头沟,TTG
河北,唐坊,TFA
河北,唐山,TSH
河北,唐山北,TSB
河北,完县,WXI
河北,万庄,WZH
河北,王安镇,WAZ
河北,王瞳,WTO
河北,望都,WDU
河北,文安,WAN
河北,吴桥,WQI
河北,武安,WAN
河北,五道河,WDH
河北,午汲,WJI
河北,西八里,XBL
河北,西大庙,XDM
河北,下板城,XBC
河北,下花园,XHY
河北,下台子,XTZ
河北,小寺沟,XSG
河北,小西庄,XXZ
河北,辛集,XJI
河北,新安村,XAC
河北,新保安,XBA
河北,新固镇,XGZ
河北,新乐,XLE
河北,新坡,XPO
河北,新杖子,XZZ
河北,兴隆县,XLX
河北,邢台,XTA
河北,邢台东,XTD
河北,徐水,XSH
河北,徐水东,XSD
河北,宣化,XHU
河北,悬钟,XZH
河北,燕郊,YJI
河北,杨各庄,YGZ
河北,杨树岭,YSL
河北,阳邑,YYI
河北,腰栈,YZH
河北,窑上,YSH
河北,野三坡,YSP
河北,义井,YJI
河北,银镇,YZH
河北,鹰手营子,YSZ
河北,永和,YHE
河北,幽州,YZH
河北,于家庄,YJZ
河北,榆树沟,YSG
河北,玉田县,YTX
河北,元氏,YSH
河北,云彩岭,YCL
河北,枣强,ZQI
河北,寨西店,ZXD
河北,张百湾,ZBW
河北,张家口,ZJK
河北,张家口南,ZJN
河北,张三营,ZSY
河北,招柏,ZBA
河北,正定,ZDI
河北,正定机场,ZDC
河北,紫荆关,ZJG
河北,藁城,GCH
河北,涞源,LYU
河北,涿州,ZZH
河北,涿州东,ZZD
河南,河,RHE
河南,安阳,AYA
河南,安阳东,AYD
河南,白合,BHE
河南,北召店,BZD
河南,草店,CDI
河南,长葛,CGE
河南,长垣,CYU
河南,待王,DWA
河南,邓州,DZH
河南,董庄,DZH
河南,二郎庙,ELM
河南,封丘,FQI
河南,耿坡,GPO
河南,巩义,GYI
河南,巩义南,GYN
河南,构林,GLI
河南,固始,GSH
河南,关林,GLI
河南,韩堂,HTA
河南,鹤壁,HBI
河南,鹤壁东,HBD
河南,后寨,HZH
河南,滑县南,HXN
河南,淮滨,HBI
河南,获嘉,HJI
河南,济源,JYU
河南,焦作,JZU
河南,焦作东,JZD
河南,开封,KFE
河南,兰考,LKA
河南,莲东,LDO
河南,临汝镇,LRZ
河南,临颍,LYI
河南,灵宝,LBA
河南,灵宝西,LBX
河南,留庄,LZH
河南,鲁山,LSH
河南,罗山,LSH
河南,洛阳,LYA
河南,洛阳东,LYD
河南,洛阳龙门,LYM
河南,孟津,MJI
河南,孟庙,MMI
河南,庙下,MXI
河南,民权,MQU
河南,明港,MGA
河南,明港东,MGD
河南,南阳,NYA
河南,南阳东,NYD
河南,南阳西,NYX
河南,南召,NZH
河南,内乡,NXI
河南,捏掌,NZH
河南,宁陵县,NLX
河南,盘古寺,PGS
河南,平顶山,PDS
河南,平顶山西,PDX
河南,蒲山店,PSD
河南,圃田西,PTX
河南,沁河北,QHB
河南,沁阳,QYA
河南,确山,QSH
河南,汝阳,RYA
河南,汝州,RZH
河南,三门峡,SMX
河南,三门峡南,SMN
河南,三门峡西,SMX
河南,商城,SCH
河南,商酒务,SJW
河南,商丘,SQI
河南,商丘南,SQN
河南,上街,SJI
河南,沈丘,SQI
河南,狮子营,SZY
河南,遂平,SPI
河南,塔前,TQI
河南,台前,TQI
河南,太要,TYA
河南,汤阴,TYI
河南,唐河,THE
河南,桐柏,TBA
河南,王楼,WLO
河南,王庄,WZH
河南,卫辉,WHU
河南,文庄村,WZC
河南,西平,XPI
河南,西峡,XXI
河南,息县,XXI
河南,夏集,XJI
河南,夏邑县,XYX
河南,项城,XCH
河南,小屯街,XTJ
河南,新安县,XAX
河南,新县,XXI
河南,新乡,XXI
河南,新乡东,XXD
河南,新郑,XZH
河南,信阳,XYA
河南,信阳东,XYD
河南,修武,XWU
河南,许昌,XCH
河南,许昌东,XCD
河南,延津,YJI
河南,伊川,YCH
河南,义马,YMA
河南,虞城县,YCX
河南,月山,YSH
河南,镇平,ZPI
河南,郑州,ZZH
河南,郑州东,ZZD
河南,郑州西,ZZX
河南,中牟,ZMU
河南,中原,ZYU
河南,周口,ZKO
河南,驻马店,ZMD
河南,驻马店西,ZMX
河南,偃师,YSH
河南,渑池,MCH
河南,渑池南,MCN
河南,潢川,HCH
河南,漯河,LHE
河南,漯河西,LHX
河南,轵城,ZCH
河南,穰东,RDO
黑龙江,阿城,ACH
黑龙江,阿木尔,AME
黑龙江,爱河,AHE
黑龙江,安达,ADA
黑龙江,安家,AJI
黑龙江,昂昂溪,AAX
黑龙江,敖头,ATO
黑龙江,八村,BCU
黑龙江,八方,BFA
黑龙江,八虎力,BHL
黑龙江,八面通,BMT
黑龙江,白奎堡,BKP
黑龙江,白山乡,BSX
黑龙江,白桦排,BHP
黑龙江,半截河,BJH
黑龙江,宝林,BLI
黑龙江,宝泉岭,BQL
黑龙江,北安,BAN
黑龙江,北林,BLI
黑龙江,背荫河,BYH
黑龙江,笔架山,BJS
黑龙江,碧水,BSH
黑龙江,碧州,BZH
黑龙江,滨江,BJI
黑龙江,勃利,BLI
黑龙江,查班河,CBH
黑龙江,柴河,CHE
黑龙江,长发屯,CFT
黑龙江,长汀镇,CTZ
黑龙江,朝阳村,CYC
黑龙江,潮水,CSH
黑龙江,辰清,CQI
黑龙江,晨明,CMI
黑龙江,成高子,CGZ
黑龙江,楚山,CSH
黑龙江,创业村,CYC
黑龙江,春亭阁,CTG
黑龙江,翠峰,CFE
黑龙江,翠岗,CGA
黑龙江,达拉滨,DLB
黑龙江,大观岭,DGL
黑龙江,大民屯,DMT
黑龙江,大庆,DQI
黑龙江,大庆西,DQX
黑龙江,大乌苏,DWS
黑龙江,大西,DXI
黑龙江,大兴,DXI
黑龙江,大杨树,DYS
黑龙江,大杨树东,DYD
黑龙江,大扬气,DYQ
黑龙江,带岭,DLI
黑龙江,代马沟,DMG
黑龙江,滴道,DDA
黑龙江,东边井,DBJ
黑龙江,东二道河,DEH
黑龙江,东方红,DFH
黑龙江,东海,DHA
黑龙江,东海县,DHX
黑龙江,东佳木斯,DJS
黑龙江,东津,DJI
黑龙江,东京城,DJC
黑龙江,东门,DME
黑龙江,斗沟子,DGZ
黑龙江,独立屯,DLT
黑龙江,杜家,DJI
黑龙江,对青山,DQS
黑龙江,二道湾,EDW
黑龙江,二井,EJI
黑龙江,二龙山屯,ELT
黑龙江,丰乐镇,FLZ
黑龙江,冯屯,FTU
黑龙江,佛岭,FLI
黑龙江,福利屯,FLT
黑龙江,抚远,FYU
黑龙江,富海,FHA
黑龙江,富江镇,FJZ
黑龙江,富锦,FJI
黑龙江,富拉尔基,FLJ
黑龙江,富裕,FYU
黑龙江,高家,GJI
黑龙江,高老,GLA
黑龙江,高头,GTO
黑龙江,古城,GCH
黑龙江,古城镇,GCZ
黑龙江,古莲,GLI
黑龙江,古源,GYU
黑龙江,光明,GMI
黑龙江,哈川,HCH
黑龙江,哈达阳,HDY
黑龙江,哈尔滨,HEB
黑龙江,哈尔滨东,HED
黑龙江,哈尔滨西,HEX
黑龙江,哈力图,HLT
黑龙江,海北,HBE
黑龙江,海浪,HLA
黑龙江,海林,HLI
黑龙江,海伦,HLU
黑龙江,韩家园,HJY
黑龙江,寒葱沟,HCG
黑龙江,浩良河,HLH
黑龙江,鹤北,HBE
黑龙江,鹤岗,HGA
黑龙江,鹤立,HLI
黑龙江,鹤山,HSH
黑龙江,黑岗,HGA
黑龙江,黑河,HHE
黑龙江,黑台,HTA
黑龙江,横道河子,HDZ
黑龙江,恒地营,HDY
黑龙江,洪河,HHE
黑龙江,宏图,HTU
黑龙江,红房子,HFZ
黑龙江,红旗营,HQY
黑龙江,红山,HSH
黑龙江,红星,HXI
黑龙江,红兴隆,HXL
黑龙江,红彦,HYA
黑龙江,呼兰,HLA
黑龙江,呼源,HYU
黑龙江,呼中,HZH
黑龙江,虎尔虎拉,HEL
黑龙江,虎峰,HFE
黑龙江,虎林,HLI
黑龙江,虎山,HSH
黑龙江,互助,HZH
黑龙江,换新天,HXT
黑龙江,鸡东,JDO
黑龙江,鸡西,JXI
黑龙江,吉新河,JXH
黑龙江,佳木斯,JMS
黑龙江,加格达奇,JGQ
黑龙江,加南,JNA
黑龙江,建三江,JSJ
黑龙江,姜家,JJI
黑龙江,江桥,JQI
黑龙江,街基,JJI
黑龙江,界山,JSH
黑龙江,金山屯,JST
黑龙江,锦河,JHE
黑龙江,劲松,JSO
黑龙江,九三,JSA
黑龙江,九营,JYI
黑龙江,峻德,JDE
黑龙江,卡路屯,KLT
黑龙江,开道,KDA
黑龙江,凯北,KBE
黑龙江,康金井,KJJ
黑龙江,克东,KDO
黑龙江,克利,KLI
黑龙江,克山,KSH
黑龙江,宽沟,KGO
黑龙江,奎山,KSH
黑龙江,拉古,LGU
黑龙江,拉哈,LHA
黑龙江,拉林,LLI
黑龙江,喇嘛甸,LMD
黑龙江,兰岗,LGA
黑龙江,兰棱,LLI
黑龙江,兰岭,LLI
黑龙江,朗乡,LXI
黑龙江,劳动屯,LDT
黑龙江,老莱,LLA
黑龙江,梨树镇,LSZ
黑龙江,李家,LJI
黑龙江,里木店,LMD
黑龙江,立志,LZH
黑龙江,莲江口,LJK
黑龙江,连珠山,LZS
黑龙江,林海,LHA
黑龙江,林口,LKO
黑龙江,林源,LYU
黑龙江,柳毛,LMA
黑龙江,柳树,LSH
黑龙江,六合镇,LHZ
黑龙江,龙船,LCH
黑龙江,龙凤,LFE
黑龙江,龙江,LJI
黑龙江,龙门河,LMH
黑龙江,龙镇,LZH
黑龙江,鲁河,LHE
黑龙江,鹿道,LDA
黑龙江,绿潭,LTA
黑龙江,麻山,MSH
黑龙江,马莲河,MLH
黑龙江,马桥河,MQH
黑龙江,帽儿山,MES
黑龙江,美溪,MXI
黑龙江,孟家岗,MJG
黑龙江,密山,MSH
黑龙江,密山西,MSX
黑龙江,庙台子,MTZ
黑龙江,磨刀石,MDS
黑龙江,漠河,MHE
黑龙江,牡丹江,MDJ
黑龙江,穆棱,MLI
黑龙江,南岔,NCH
黑龙江,嫩江,NJI
黑龙江,碾子山,NZS
黑龙江,聂河,NHE
黑龙江,宁安,NAN
黑龙江,牛家,NJI
黑龙江,盘古,PGU
黑龙江,裴德,PDE
黑龙江,平房,PFA
黑龙江,平山,PSH
黑龙江,平洋,PYA
黑龙江,七台河,QTH
黑龙江,齐齐哈尔,QQE
黑龙江,前锋,QFE
黑龙江,前进镇,QJZ
黑龙江,秦家,QJI
黑龙江,青岭子,QLZ
黑龙江,青龙,QLO
黑龙江,青山,QSH
黑龙江,青水山,QSS
黑龙江,庆安,QAN
黑龙江,全胜,QSH
黑龙江,群力,QLI
黑龙江,三间房,SJF
黑龙江,沙园,SYU
黑龙江,山河屯,SHT
黑龙江,山市,SSH
黑龙江,尚家,SJI
黑龙江,尚志,SZH
黑龙江,申家店,SJD
黑龙江,神树,SSH
黑龙江,沈家,SJI
黑龙江,升昌,SCH
黑龙江,圣浪,SLA
黑龙江,十八站,SBZ
黑龙江,石长,SCH
黑龙江,石磷,SLI
黑龙江,石人城,SRC
黑龙江,石头,STO
黑龙江,树林,SLI
黑龙江,双城堡,SCP
黑龙江,双城北,SCB
黑龙江,双丰,SFE
黑龙江,双龙山,SLS
黑龙江,双鸭山,SYS
黑龙江,双子河,SZH
黑龙江,四方台,SFT
黑龙江,四马架,SMJ
黑龙江,松青,SQI
黑龙江,松树林,SSL
黑龙江,宋,SON
黑龙江,绥芬河,SFH
黑龙江,绥化,SHU
黑龙江,绥棱,SLI
黑龙江,绥西,SXI
黑龙江,绥阳,SYA
黑龙江,孙家,SJI
黑龙江,孙吴,SWU
黑龙江,他石海,TSH
黑龙江,塔尔根,TEG
黑龙江,塔哈,THA
黑龙江,塔河,THE
黑龙江,塔源,TYU
黑龙江,苔青,TQI
黑龙江,泰康,TKA
黑龙江,泰来,TLA
黑龙江,太岭,TLI
黑龙江,太平桥,TPQ
黑龙江,太平镇,TPZ
黑龙江,太阳沟,TYG
黑龙江,太阳升,TYS
黑龙江,汤池,TCH
黑龙江,汤旺河,TWH
黑龙江,汤原,TYU
黑龙江,桃山,TSH
黑龙江,铁力,TLI
黑龙江,通北,TBE
黑龙江,通天屯,TTT
黑龙江,图强,TQI
黑龙江,团结,TJI
黑龙江,瓦拉干,WLG
黑龙江,弯道,WDA
黑龙江,万发屯,WFT
黑龙江,万乐,WLE
黑龙江,王岗,WGA
黑龙江,王杨,WYA
黑龙江,王兆屯,WZT
黑龙江,威岭,WLI
黑龙江,苇河,WHE
黑龙江,卫星,WXI
黑龙江,温春,WCH
黑龙江,卧里屯,WLT
黑龙江,乌兰昭,WLZ
黑龙江,乌鲁布铁,WLT
黑龙江,乌伊岭,WYL
黑龙江,五常,WCH
黑龙江,五大连池,WDC
黑龙江,五家,WJI
黑龙江,五林,WLI
黑龙江,五营,WYI
黑龙江,西岗子,XGZ
黑龙江,西林,XLI
黑龙江,西麻山,XMS
黑龙江,下城子,XCZ
黑龙江,香坊,XFA
黑龙江,香兰,XLA
黑龙江,襄河,XHE
黑龙江,向阳,XYA
黑龙江,向阳川,XYC
黑龙江,向阳村,XYC
黑龙江,小白,XBA
黑龙江,小黑山,XHS
黑龙江,小岭,XLI
黑龙江,小扬气,XYQ
黑龙江,小榆树,XYS
黑龙江,新高峰,XGF
黑龙江,新华,XHU
黑龙江,新华屯,XHT
黑龙江,新林,XLI
黑龙江,新青,XQI
黑龙江,新泉,XQU
黑龙江,新松浦,XSP
黑龙江,新天,XTI
黑龙江,新香坊,XXF
黑龙江,新彦,XYA
黑龙江,新友谊,XYY
黑龙江,新肇,XZH
黑龙江,兴福,XFU
黑龙江,兴凯,XKA
黑龙江,兴莲,XLI
黑龙江,兴隆镇,XLZ
黑龙江,兴无,XWU
黑龙江,杏树,XSH
黑龙江,绣峰,XFE
黑龙江,徐家,XJI
黑龙江,亚布力,YBL
黑龙江,亚布力南,YBN
黑龙江,亚沟,YGO
黑龙江,亚河,YHE
黑龙江,烟筒屯,YTT
黑龙江,阎家,YJI
黑龙江,杨岗,YGA
黑龙江,杨家,YJI
黑龙江,杨木,YMU
黑龙江,羊草,YCA
黑龙江,一面坡,YMP
黑龙江,依安,YAN
黑龙江,伊春,YCH
黑龙江,伊拉哈,YLH
黑龙江,伊林,YLI
黑龙江,银浪,YLA
黑龙江,迎春,YCH
黑龙江,永安乡,YAX
黑龙江,永庆,YQI
黑龙江,永胜,YSH
黑龙江,友好,YHA
黑龙江,榆树屯,YST
黑龙江,玉泉,YQU
黑龙江,扎音河,ZYH
黑龙江,张维屯,ZWT
黑龙江,赵光,ZGU
黑龙江,肇东,ZDO
黑龙江,治山,ZSH
黑龙江,中和,ZHE
黑龙江,周家,ZJI
黑龙江,朱家沟,ZJG
黑龙江,壮志,ZZH
黑龙江,倭肯,WKE
黑龙江,讷尔克气,NEQ
黑龙江,讷河,NHE
黑龙江,桦林,HLI
黑龙江,桦南,HNA
湖北,安陆,ALU
湖北,巴东,BDO
湖北,蔡山,CSH
湖北,长江埠,CJB
湖北,长阳,CYA
湖北,陈家湖,CJH
湖北,赤壁,CBI
湖北,赤壁北,CBB
湖北,大冶北,DYB
湖北,丹水池,DSC
湖北,当阳,DYA
湖北,鄂州,EZH
湖北,鄂州东,EZD
湖北,恩施,ESH
湖北,葛店南,GDN
湖北,隔蒲,GPU
湖北,谷城,GCH
湖北,广水,GSH
湖北,汉川,HCH
湖北,汉口,HKO
湖北,汉西,HXI
湖北,何刘,HLI
湖北,贺胜桥东,HSD
湖北,横车,HCH
湖北,横店东,HDD
湖北,横沟桥东,HGD
湖北,红安,HAN
湖北,红安西,HAX
湖北,胡家营,HJY
湖北,花果,HGU
湖北,花湖,HHU
湖北,花山南,HSN
湖北,花山所,HSS
湖北,花园,HYU
湖北,华容,HRO
湖北,华容东,HRD
湖北,华容南,HRN
湖北,黄冈,HGA
湖北,黄冈东,HGD
湖北,黄冈西,HGX
湖北,黄梅,HME
湖北,黄石,HSH
湖北,黄石北,HSB
湖北,黄石东,HSD
湖北,黄州,HZH
湖北,建始,JSH
湖北,界首市,JSS
湖北,荆门,JME
湖北,荆州,JZH
湖北,京山,JSH
湖北,孔垄,KLO
湖北,浪河,LHE
湖北,老河口东,LHD
湖北,厉山,LSH
湖北,利川,LCH
湖北,凉雾,LWU
湖北,流芳,LFA
湖北,麻城,MCH
湖北,麻城北,MCB
湖北,马棚,MPE
湖北,庙山,MSH
湖北,南湖东,NHD
湖北,蒲圻,PQI
湖北,普安,PAN
湖北,潜江,QJI
湖北,山坡东,SPD
湖北,十堰,SYA
湖北,松滋,SZI
湖北,随州,SZH
湖北,汤逊湖,TXH
湖北,天门,TME
湖北,天门南,TMN
湖北,铁山,TSH
湖北,土地堂东,TDD
湖北,团风,TFE
湖北,乌龙泉南,WLN
湖北,武昌,WCH
湖北,武昌东,WCD
湖北,武昌南,WCN
湖北,武当山,WDS
湖北,武汉,WHA
湖北,武汉北,WHB
湖北,武穴,WXU
湖北,西河村,XHC
湖北,西斋,XZH
湖北,下辛店,XXD
湖北,仙桃西,XTX
湖北,咸宁,XNI
湖北,咸宁北,XNB
湖北,咸宁东,XND
湖北,咸宁南,XNN
湖北,襄阳,XYA
湖北,襄阳北,XYB
湖北,襄阳东,XYD
湖北,小花果,XHG
湖北,小林,XLI
湖北,孝感,XGA
湖北,孝感北,XGB
湖北,肖马杨所,XMS
湖北,新墩,XDU
湖北,鸦雀岭,YQL
湖北,阳新,YXI
湖北,宜昌,YCH
湖北,宜昌东,YCD
湖北,宜城,YCH
湖北,应城,YCH
湖北,余家湾,YJW
湖北,云梦,YME
湖北,枣阳,ZYA
湖北,枝城,ZCH
湖北,枝江北,ZJB
湖北,纸坊东,ZFD
湖北,钟祥,ZXI
湖北,周铁岗,ZTG
湖北,左岭,ZLI
湖北,郜营,GYI
湖北,蕲春,QCH
湖北,浠水,XSH
湖北,滠口,SKO
湖南,安化,AHU
湖南,安仁,ARE
湖南,茶陵,CLI
湖南,茶陵南,CLN
湖南,茶陵西,CLX
湖南,常德,CDE
湖南,长沙,CSH
湖南,长沙南,CSN
湖南,郴州,CZH
湖南,郴州西,CZX
湖南,辰溪,CXI
湖南,慈利,CLI
湖南,道州,DZH
湖南,低庄,DZH
湖南,东安,DAN
湖南,东安东,DAD
湖南,海安南,HAN
湖南,汉寿,HSH
湖南,衡南,HNA
湖南,衡山,HSH
湖南,衡山西,HSX
湖南,衡阳,HYA
湖南,衡阳东,HYD
湖南,怀化,HHU
湖南,会同,HTO
湖南,吉首,JSH
湖南,江华,JHU
湖南,江永,JYO
湖南,靖州,JZH
湖南,捞刀河,LDH
湖南,冷水江东,LSD
湖南,理家坪,LJP
湖南,涟源,LYU
湖南,临湘,LXI
湖南,临澧,LLI
湖南,零陵,LLI
湖南,娄底,LDI
湖南,路口铺,LKP
湖南,麻阳,MYA
湖南,马田墟,MTX
湖南,猛洞河,MDH
湖南,宁乡,NXI
湖南,祁东,QDO
湖南,祁东北,QDB
湖南,祁阳,QYA
湖南,祁阳北,QYB
湖南,韶山,SSH
湖南,邵东,SDO
湖南,邵阳,SYA
湖南,石门县,SMX
湖南,石门县北,SMB
湖南,双牌,SPA
湖南,塘豹,TBA
湖南,通道,TDA
湖南,湘潭,XTA
湖南,湘乡,XXI
湖南,向韶,XSH
湖南,新化,XHU
湖南,新晃,XHU
湖南,新桥铺,XQP
湖南,炎陵,YLI
湖南,益阳,YYA
湖南,益阳东,YYD
湖南,永州,YZH
湖南,岳阳,YYA
湖南,岳阳东,YYD
湖南,张家界,ZJJ
湖南,张家界北,ZJB
湖南,株洲,ZZH
湖南,株洲西,ZZX
湖南,紫溪,ZXI
湖南,攸县,YXI
湖南,攸县南,YXN
湖南,汨罗,MLO
湖南,汨罗东,MLD
湖南,泸阳,LYA
湖南,溆浦,XPU
湖南,澧县,LXI
湖南,耒阳,LYA
湖南,耒阳西,LYX
湖南,醴陵,LLI
湖南,醴陵东,LLD
吉林,安广,AGU
吉林,安图,ATU
吉林,八家子,BJZ
吉林,白城,BCH
吉林,白河,BHE
吉林,白泉,BQU
吉林,白山市,BSS
吉林,白石山,BSS
吉林,白市,BSH
吉林,板石河,BSH
吉林,板杖子,BZZ
吉林,堡石图,BST
吉林,宝山,BSH
吉林,北岗,BGA
吉林,布海,BHA
吉林,采石场,CSC
吉林,蔡家沟,CJG
吉林,茶条沟,CTG
吉林,柴岗,CGA
吉林,长春,CCH
吉林,长春东,CCD
吉林,长春南,CCN
吉林,长春西,CCX
吉林,长发,CFA
吉林,长山屯,CST
吉林,朝阳川,CYC
吉林,朝阳镇,CYZ
吉林,春阳,CYA
吉林,崔家营子,CJZ
吉林,达家沟,DJG
吉林,大安,DAN
吉林,大安北,DAB
吉林,大东,DDO
吉林,大口钦,DKQ
吉林,大梨树,DLS
吉林,大栗子,DLZ
吉林,大桥,DQI
吉林,大泉眼,DQY
吉林,大石头,DST
吉林,大土山,DTS
吉林,大屯,DTU
吉林,大仙,DXI
吉林,大兴沟,DXG
吉林,大兴镇,DXZ
吉林,到保,DBA
吉林,道清,DQI
吉林,德惠,DHU
吉林,德惠西,DHX
吉林,丁家园,DJY
吉林,东丰,DFE
吉林,东丰北,DFB
吉林,东富,DFU
吉林,东通化,DTH
吉林,敦化,DHU
吉林,二岔,ECH
吉林,二道河,EDH
吉林,二龙山,ELS
吉林,二密河,EMH
吉林,范家屯,FJT
吉林,丰广,FGU
吉林,丰库,FKU
吉林,枫叶岭,FYL
吉林,扶余,FYU
吉林,扶余北,FYB
吉林,干沟,GGO
吉林,工农湖,GNH
吉林,公主岭,GZL
吉林,公主岭南,GZN
吉林,菇园,GYU
吉林,孤店子,GDZ
吉林,官字井,GZJ
吉林,光辉,GHU
吉林,郭家店,GJD
吉林,果松,GSO
吉林,哈尔巴岭,HEL
吉林,哈福,HFU
吉林,哈拉海,HLH
吉林,哈玛,HMA
吉林,海龙,HLO
吉林,海坨子,HTZ
吉林,和龙,HLO
吉林,河南,HNA
吉林,黑山头,HST
吉林,黑水,HSH
吉林,胡家店,HJD
吉林,花山,HSH
吉林,华家,HJI
吉林,荒沟西,HGX
吉林,黄柏,HBA
吉林,黄泥河,HNH
吉林,黄泥崴子,HNZ
吉林,黄松甸,HSD
吉林,辉南,HNA
吉林,火炬沟,HJG
吉林,吉林,JLI
吉林,吉舒,JSH
吉林,集安,JAN
吉林,纪家,JJI
吉林,建设,JSH
吉林,江密峰,JMF
吉林,江源,JYU
吉林,金山,JSH
吉林,金珠,JZH
吉林,九台,JTA
吉林,九台南,JTN
吉林,巨宝,JBA
吉林,卡伦,KLU
吉林,开安,KAN
吉林,开通,KTO
吉林,口前,KQI
吉林,拉法,LFA
吉林,来福,LFU
吉林,老岭,LLI
吉林,老松岭,LSL
吉林,老爷岭,LYL
吉林,老营,LYI
吉林,乐园,LYU
吉林,两家,LJI
吉林,亮兵台,LBT
吉林,辽源,LYU
吉林,林子头,LZT
吉林,临江,LJI
吉林,刘家店,LJD
吉林,柳河,LHE
吉林,柳毛沟,LMG
吉林,六道河,LDH
吉林,六家,LJI
吉林,龙嘉,LJI
吉林,龙家堡,LJP
吉林,龙井,LJI
吉林,龙泉,LQU
吉林,龙山,LSH
吉林,露水河,LSH
吉林,满汉营,MHY
吉林,茂林,MLI
吉林,梅河口,MHK
吉林,米沙子,MSZ
吉林,庙岭,MLI
吉林,明城,MCH
吉林,磨盘山,MPS
吉林,奈字井,NZJ
吉林,南沟,NGO
吉林,南洮南,NTN
吉林,农安,NAN
吉林,磐石,PSH
吉林,平安,PAN
吉林,平安镇,PAZ
吉林,平川,PCH
吉林,平岗,PGA
吉林,平台,PTA
吉林,七家子,QJZ
吉林,七间房,QJF
吉林,棋盘,QPA
吉林,乾安,QAN
吉林,前窑,QYA
吉林,青沟子,QGZ
吉林,庆丰,QFE
吉林,秋梨沟,QLG
吉林,曲水,QSH
吉林,泉阳,QYA
吉林,三宝屯,SBT
吉林,三队,SDU
吉林,三源浦,SYP
吉林,杉松岗,SSG
吉林,山场屯,SCT
吉林,山城镇,SCZ
吉林,胜利,SLI
吉林,十里坪,SLP
吉林,石湖,SHU
吉林,石家,SJI
吉林,石岭,SLI
吉林,石人,SRE
吉林,石头河,STH
吉林,石岘,SXI
吉林,舒兰,SLA
吉林,双安屯,SAT
吉林,双河镇,SHZ
吉林,双吉,SJI
吉林,双辽,SLI
吉林,水洞,SDO
吉林,水礼,SLI
吉林,四合屯,SHT
吉林,四平,SPI
吉林,四平东,SPD
吉林,松江河,SJH
吉林,松江镇,SJZ
吉林,松岭,SLI
吉林,松树镇,SSZ
吉林,松原,SYU
吉林,塔虎城,THC
吉林,太平川,TPC
吉林,太平岭,TPL
吉林,坦途,TTU
吉林,陶家屯,TJT
吉林,陶赖昭,TLZ
吉林,天岗,TGA
吉林,天桥岭,TQL
吉林,铁厂,TCH
吉林,通沟,TGO
吉林,通化,THU
吉林,通化县,THX
吉林,通途,TTU
吉林,铜佛寺,TFS
吉林,图们,TME
吉林,土们岭,TML
吉林,团林,TLI
吉林,团山,TSH
吉林,驼腰岭,TYL
吉林,湾沟,WGO
吉林,万隆,WLO
吉林,汪清,WQI
吉林,王府,WFU
吉林,苇子沟,WZG
吉林,渭津,WJI
吉林,卧虎屯,WHT
吉林,沃皮,WPI
吉林,五道沟,WDG
吉林,五家户,WJH
吉林,五棵树,WKS
吉林,西阳岔,XYC
吉林,溪洞,XDO
吉林,仙人桥,XRQ
吉林,小姑家,XGJ
吉林,小合隆,XHL
吉林,小山,XSH
吉林,谢家,XJI
吉林,谢家镇,XJZ
吉林,新立镇,XLZ
吉林,兴隆山,XLS
吉林,鸭园,YYU
吉林,亚复,YFU
吉林,烟筒山,YTS
吉林,延吉,YJI
吉林,杨家粉坊,YJF
吉林,阳岔,YCH
吉林,阳山,YSH
吉林,遥林,YLI
吉林,姚家,YJI
吉林,姚家坨子,YJZ
吉林,一间堡,YJP
吉林,营城,YCH
吉林,影壁山,YBS
吉林,永宁,YNI
吉林,犹字井,YZJ
吉林,榆树,YSH
吉林,榆树川,YSC
吉林,咋子,ZZI
吉林,赵家沟,ZJG
吉林,枕头峰,ZTF
吉林,镇西,ZXI
吉林,镇赉,ZLA
吉林,郑家堡,ZJP
吉林,中德,ZDE
吉林,朱三家,ZSJ
吉林,左家,ZJI
吉林,佟家店,TJD
吉林,葆园,BYU
吉林,洮南,TNA
吉林,桦皮厂,HPC
吉林,氡泉,DQU
吉林,砬子河,LZH
吉林,蛟河,JHE
江苏,薏,BCH
江苏,宝华山,BHS
江苏,常州,CZH
江苏,常州北,CZB
江苏,崔寨,CZH
江苏,大湖,DHU
江苏,丹徒,DTU
江苏,丹阳,DYA
江苏,丹阳北,DYB
江苏,东台,DTA
江苏,阜宁,FNI
江苏,海安县,HAX
江苏,花桥,HQI
江苏,淮安,HAN
江苏,淮安南,HAN
江苏,惠山,HSH
江苏,夹河寨,JHZ
江苏,建湖,JHU
江苏,姜堰,JYA
江苏,江都,JDU
江苏,江宁,JNI
江苏,句容西,JRX
江苏,昆山,KSH
江苏,昆山南,KSN
江苏,连云港,LYG
江苏,连云港东,LYD
江苏,林场,LCH
江苏,刘集,LJI
江苏,六合,LHE
江苏,南京,NJI
江苏,南京南,NJN
江苏,南京西,NJX
江苏,南通,NTO
江苏,沛屯,PTU
江苏,沛县,PXI
江苏,戚墅堰,QSY
江苏,如东,RDO
江苏,如皋,RGA
江苏,石湖村,SHC
江苏,苏州,SZH
江苏,苏州北,SZB
江苏,苏州新区,SZQ
江苏,苏州园区,SZQ
江苏,泰州,TZH
江苏,亭子山,TZS
江苏,铜山,TSH
江苏,瓦屋山,WWS
江苏,弯集,WJI
江苏,无锡,WXI
江苏,无锡东,WXD
江苏,无锡新区,WXQ
江苏,仙林,XLI
江苏,新沂,XYI
江苏,墟沟,XGO
江苏,徐州,XZH
江苏,徐州东,XZD
江苏,盐城,YCH
江苏,扬州,YZH
江苏,洋河,YHE
江苏,阳澄湖,YCH
江苏,仪征,YZH
江苏,宜兴,YXI
江苏,永宁镇,YNZ
江苏,张寨,ZZH
江苏,镇江,ZJI
江苏,镇江南,ZJN
江苏,郑集,ZJI
江苏,中华门,ZHM
江苏,邳州,PZH
江苏,沭阳,SYA
江苏,泗洪,SHO
江苏,泗阳,SYA
江苏,溧水,LSH
江苏,溧阳,LYA
江西,八都,BDU
江西,白源,BYU
江西,彬江,BJI
江西,茶亭,CTI
江西,崇仁,CRE
江西,大岗,DGA
江西,大洋洲,DYZ
江西,德安,DAN
江西,定南,DNA
江西,东乡,DXI
江西,分宜,FYI
江西,丰城,FCH
江西,丰城南,FCN
江西,浮梁,FLI
江西,福港,FGA
江西,抚州,FZH
江西,抚州北,FZB
江西,甘棠,GTA
江西,赣县,GXI
江西,赣州,GZH
江西,赣州东,GZD
江西,高安,GAN
江西,高兴镇,GXZ
江西,共青城,GQC
江西,冠朝,GCH
江西,贵溪,GXI
江西,河下,HXI
江西,横峰,HFE
江西,横岗,HGA
江西,湖口,HKO
江西,画桥,HQI
江西,黄土岗,HTG
江西,吉安,JAN
江西,吉安南,JAN
江西,吉水,JSH
江西,江边村,JBC
江西,江家,JJI
江西,进贤,JXI
江西,井冈山,JGS
江西,景德镇,JDZ
江西,九江,JJI
江西,九江西,JJX
江西,九里垄,JLL
江西,军山,JSH
江西,乐化,LHU
江西,乐平市,LPS
江西,栗木,LMU
江西,莲塘,LTA
江西,梁家渡,LJD
江西,临川,LCH
江西,龙口,LKO
江西,龙南,LNA
江西,龙市,LSH
江西,芦溪,LXI
江西,庐山,LSH
江西,吕坊,LFA
江西,罗坊,LFA
江西,罗陂岗,LPG
江西,马回岭,MHL
江西,南昌,NCH
江西,南昌北,NCB
江西,南昌西,NCX
江西,南城,NCH
江西,南丰,NFE
江西,南康,NKA
江西,南塘镇,NTZ
江西,彭泽,PZE
江西,萍乡,PXI
江西,萍乡北,PXB
江西,铅山西,QSX
江西,泉江,QJI
江西,瑞昌,RCH
江西,瑞金,RJI
江西,三江镇,SJZ
江西,沙村,SCU
江西,上饶,SRA
江西,泰和,THE
江西,潭岗,TGA
江西,腾桥,TQI
江西,万年,WNI
江西,温家圳,WJZ
江西,西村,XCU
江西,西江,XJI
江西,峡江,XJI
江西,向塘,XTA
江西,向塘西,XTX
江西,小池口,XCK
江西,新干,XGA
江西,新余,XYU
江西,新余北,XYB
江西,新祺周,XQZ
江西,信丰,XFE
江西,兴国,XGU
江西,杨家岭,YJL
江西,姚家洲,YJZ
江西,宜春,YCH
江西,宜春西,YCX
江西,鹰潭,YTA
江西,营盘上,YPS
江西,硬石岭,YSL
江西,永平,YPI
江西,永修,YXI
江西,于都,YDU
江西,余家,YJI
江西,余江,YJI
江西,玉山,YSH
江西,樟树,ZSH
江西,樟树东,ZSD
江西,张家山,ZJS
江西,张巷,ZXI
江西,峙滩,STA
江西,资溪,ZXI
江西,左港,ZGA
江西,弋阳,YYA
江西,醪桥,LQI
江西,鲇鱼山,NYS
辽宁,阿尔乡,AEX
辽宁,阿金,AJI
辽宁,鞍山,ASH
辽宁,鞍山西,ASX
辽宁,安平,API
辽宁,八角台,BJT
辽宁,八面城,BMC
辽宁,宝镜,BJI
辽宁,北票南,BPN
辽宁,北台,BTA
辽宁,北磴,BDE
辽宁,本溪,BXI
辽宁,本溪湖,BXH
辽宁,边沟,BGO
辽宁,渤海,BHA
辽宁,蚕厂屯,CCT
辽宁,苍石,CSH
辽宁,草河口,CHK
辽宁,草市,CSH
辽宁,叉车厂,CCC
辽宁,昌图,CTU
辽宁,昌图西,CTX
辽宁,长甸,CDI
辽宁,长虹,CHO
辽宁,长岭子,CLZ
辽宁,长山堡,CSP
辽宁,朝阳,CYA
辽宁,陈相屯,CXT
辽宁,城子坦,CZT
辽宁,串子沟,CZG
辽宁,大巴,DBA
辽宁,大堡,DPU
辽宁,大成,DCH
辽宁,大甸,DDI
辽宁,大官屯,DGT
辽宁,大红旗,DHQ
辽宁,大虎山,DHS
辽宁,大荒地,DHD
辽宁,大连,DLI
辽宁,大连北,DLB
辽宁,大刘家,DLJ
辽宁,大平房,DPF
辽宁,大石桥,DSQ
辽宁,大徐屯,DXT
辽宁,大雅河,DYH
辽宁,大营子,DYZ
辽宁,大郑,DZH
辽宁,丹东,DDO
辽宁,刀尔登,DED
辽宁,道口,DKO
辽宁,得胜台,DST
辽宁,灯塔,DTA
辽宁,登沙河,DSH
辽宁,东戴河,DDH
辽宁,东沟门,DGM
辽宁,东湖,DHU
辽宁,东辛庄,DXZ
辽宁,东营子,DYZ
辽宁,段家,DJI
辽宁,凤凰城,FHC
辽宁,抚顺,FSH
辽宁,抚顺北,FSB
辽宁,阜新,FXI
辽宁,盖州,GZH
辽宁,盖州西,GZX
辽宁,高尔山,GES
辽宁,高家岁,GJS
辽宁,高岭,GLI
辽宁,高桥镇,GQZ
辽宁,高山子,GSZ
辽宁,高台山,GTS
辽宁,高阳镇,GYZ
辽宁,鸽子洞,GZD
辽宁,革镇堡,GZP
辽宁,蛤蟆塘,HMT
辽宁,公营子,GYZ
辽宁,沟帮子,GBZ
辽宁,孤家子,GJZ
辽宁,古城子,GCZ
辽宁,官家,GJI
辽宁,灌水,GSH
辽宁,广宁寺,GNS
辽宁,广盛,GSH
辽宁,郭家屯,GJT
辽宁,海城,HCH
辽宁,海城西,HCX
辽宁,寒岭,HLI
辽宁,何三家,HSJ
辽宁,河汤沟,HTG
辽宁,黑石木,HSM
辽宁,红旗,HQI
辽宁,红石,HSH
辽宁,侯杖子,HZZ
辽宁,葫芦岛,HLD
辽宁,葫芦岛北,HLB
辽宁,虎石台,HST
辽宁,桓龙湖,HLH
辽宁,黄甲屯,HJT
辽宁,皇姑屯,HGT
辽宁,浑河,HHE
辽宁,火连寨,HLZ
辽宁,鸡冠山,JGS
辽宁,夹心子,JXZ
辽宁,建北,JBE
辽宁,建昌,JCH
辽宁,江家岭,JJL
辽宁,金场堡,JCP
辽宁,金城,JCH
辽宁,金坑,JKE
辽宁,金山湾,JSW
辽宁,金杖子,JZZ
辽宁,金州,JZH
辽宁,锦州,JZH
辽宁,锦州南,JZN
辽宁,开原,KYU
辽宁,开原西,KYX
辽宁,孔家沟,KJG
辽宁,宽甸,KDI
辽宁,拉拉屯,LLT
辽宁,兰家,LJI
辽宁,兰家屯,LJT
辽宁,老边,LBI
辽宁,老古沟,LGG
辽宁,雷锋路,LFL
辽宁,李家屯,LJT
辽宁,李石寨,LSZ
辽宁,励家,LJI
辽宁,连山关,LSG
辽宁,亮甲店,LJD
辽宁,辽阳,LYA
辽宁,辽中,LZH
辽宁,林家台,LJT
辽宁,林盛堡,LSP
辽宁,凌海,LHA
辽宁,凌源,LYU
辽宁,凌源东,LYD
辽宁,灵山,LSH
辽宁,刘家村,LJC
辽宁,刘家河,LJH
辽宁,刘屯,LTU
辽宁,柳树屯,LST
辽宁,龙爪沟,LZG
辽宁,旅顺,LSH
辽宁,罗家,LJI
辽宁,马三家,MSJ
辽宁,么荒,YHU
辽宁,庙阳,MYA
辽宁,民家,MJI
辽宁,明阳,MYA
辽宁,南芬,NFE
辽宁,南关岭,NGL
辽宁,南口前,NKQ
辽宁,南票,NPI
辽宁,南桥,NQI
辽宁,南台,NTA
辽宁,南汤,NTA
辽宁,南洼,NWA
辽宁,南杂木,NZM
辽宁,能家,NJI
辽宁,泥河子,NHZ
辽宁,牛角山,NJS
辽宁,牛心台,NXT
辽宁,牛庄,NZH
辽宁,女儿河,NEH
辽宁,盘锦,PJI
辽宁,盘锦北,PJB
辽宁,泡子,PZI
辽宁,皮口,PKO
辽宁,偏岭,PLI
辽宁,瓢儿屯,PET
辽宁,普兰店,PLD
辽宁,普湾,PWA
辽宁,七里河,QLH
辽宁,旗杆底,QGD
辽宁,祁家堡,QJP
辽宁,前卫,QWE
辽宁,桥北,QBE
辽宁,桥头,QTO
辽宁,青堆子,QDZ
辽宁,清河门,QHM
辽宁,清水河,QSH
辽宁,清原,QYU
辽宁,秋木庄,QMZ
辽宁,曲家店,QJD
辽宁,泉沟,QGO
辽宁,泉水,QSH
辽宁,泉水屯,QST
辽宁,绕阳河,RYH
辽宁,任家店,RJD
辽宁,三江口,SJK
辽宁,三十家,SSJ
辽宁,三十里堡,SSP
辽宁,三台,STA
辽宁,沙海,SHA
辽宁,沙河口,SHK
辽宁,沙后所,SHS
辽宁,上园,SYU
辽宁,深井子,SJZ
辽宁,沈阳,SYA
辽宁,沈阳北,SYB
辽宁,沈阳东,SYD
辽宁,沈阳西,SYX
辽宁,十家子,SJZ
辽宁,石城,SCH
辽宁,石脑,SNA
辽宁,石桥子,SQZ
辽宁,石山,SSH
辽宁,世博园,SBY
辽宁,首山,SSH
辽宁,双羊店,SYD
辽宁,水泉,SQU
辽宁,四道沟,SDG
辽宁,四家子,SJZ
辽宁,四台子,STZ
辽宁,松树,SSH
辽宁,松树台,SST
辽宁,苏北,SBE
辽宁,苏家屯,SJT
辽宁,绥中,SZH
辽宁,绥中北,SZB
辽宁,塔山,TSH
辽宁,台安,TAN
辽宁,台集屯,TJT
辽宁,太子河,TZH
辽宁,坦甸,TDI
辽宁,汤河,THE
辽宁,汤山城,TSC
辽宁,唐家,TJI
辽宁,唐王山,TWS
辽宁,桃园,TYU
辽宁,天德泉,TDQ
辽宁,天桥,TQI
辽宁,天桥沟,TQG
辽宁,田家沟,TJG
辽宁,田师府,TSF
辽宁,铁佛寺,TFS
辽宁,铁岭,TLI
辽宁,铁岭西,TLX
辽宁,通远堡,TYP
辽宁,瓦房店,WFD
辽宁,瓦房店西,WFX
辽宁,歪头山,WTS
辽宁,万家屯,WJT
辽宁,网户,WHU
辽宁,望山,WSH
辽宁,威宁,WNI
辽宁,魏杖子,WZZ
辽宁,温泉寺,WQS
辽宁,吴家屯,WJT
辽宁,五龙背,WLB
辽宁,五女山,WNS
辽宁,五七,WQI
辽宁,五三,WSA
辽宁,西丰,XFE
辽宁,西柳,XLI
辽宁,西南杖子,XNZ
辽宁,下夹河所,XJS
辽宁,下马塘,XMT
辽宁,夏家河,XJH
辽宁,小东,XDO
辽宁,小平房,XPF
辽宁,小市,XSH
辽宁,新城子,XCZ
辽宁,新寒岭,XHL
辽宁,新开,XKA
辽宁,新立屯,XLT
辽宁,新岭,XLI
辽宁,新民,XMI
辽宁,新邱,XQI
辽宁,新园,XYU
辽宁,兴城,XCH
辽宁,兴隆店,XLD
辽宁,兴隆河,XLH
辽宁,杏树屯,XST
辽宁,熊岳城,XYC
辽宁,许家屯,XJT
辽宁,宣家沟,XJG
辽宁,薛家,XJI
辽宁,雅河,YHE
辽宁,盐岛,YDA
辽宁,杨家店,YJD
辽宁,杨树湾,YSW
辽宁,杨杖子,YZZ
辽宁,羊圈子,YJZ
辽宁,姚千户屯,YQT
辽宁,叶柏寿,YBS
辽宁,一面山,YMS
辽宁,义县,YXI
辽宁,英额门,YEM
辽宁,营北,YBE
辽宁,营城子,YCZ
辽宁,营东,YDO
辽宁,营口,YKO
辽宁,营口东,YKD
辽宁,永甸,YDI
辽宁,榆树台,YST
辽宁,袁家堡,YJP
辽宁,章党,ZDA
辽宁,章古台,ZGT
辽宁,彰武,ZWU
辽宁,张家堡,ZJP
辽宁,张台子,ZTZ
辽宁,赵家,ZJI
辽宁,中华寺,ZHS
辽宁,中小所,ZXS
辽宁,中兴,ZXI
辽宁,钟杖子,ZZZ
辽宁,周家屯,ZJT
辽宁,周水子,ZSZ
辽宁,庄河,ZHE
辽宁,佟家,TJI
辽宁,琥珀湖,HPH
辽宁,鲅鱼圈,BYQ
内蒙古,阿达日嘎,ADG
内蒙古,阿达日格,ADG
内蒙古,阿尔山,AES
内蒙古,阿贵图,AGT
内蒙古,阿里河,ALH
内蒙古,阿龙山,ALS
内蒙古,阿乌尼,AWN
内蒙古,艾不盖,ABG
内蒙古,安庆沟,AQG
内蒙古,昂乃,ANA
内蒙古,敖包沟,ABG
内蒙古,敖汉,AHA
内蒙古,敖来,ALA
内蒙古,敖力布告,ALG
内蒙古,八苏木,BSM
内蒙古,八仙筒,BXT
内蒙古,巴林,BLI
内蒙古,巴图塔,BTT
内蒙古,巴彦高勒,BYL
内蒙古,巴彦郭勒,BYL
内蒙古,坝梁,BLI
内蒙古,白海,BHA
内蒙古,白狼,BLA
内蒙古,白塔,BTA
内蒙古,白彦花,BYH
内蒙古,白音察干,BYG
内蒙古,白音胡硕,BYS
内蒙古,白音库伦,BYL
内蒙古,白音他拉,BYL
内蒙古,白音特拉,BYL
内蒙古,白银哈尔,BYE
内蒙古,白云,BYU
内蒙古,白云鄂博,BYB
内蒙古,包头,BTO
内蒙古,包头北,BTB
内蒙古,包头东,BTD
内蒙古,包头西,BTX
内蒙古,保健,BJI
内蒙古,保康,BKA
内蒙古,宝拉格,BLG
内蒙古,宝龙山,BLS
内蒙古,宝门乡,BMX
内蒙古,宝木吐,BMT
内蒙古,北台子,BTZ
内蒙古,北头河,BTH
内蒙古,北兴安,BXA
内蒙古,本井,BJI
内蒙古,毕克齐,BKQ
内蒙古,博克图,BKT
内蒙古,布敦化,BDH
内蒙古,曹家营子,CJZ
内蒙古,草六格尔,CLE
内蒙古,查布嘎,CBG
内蒙古,查干得日斯,CGS
内蒙古,查干哈达,CGD
内蒙古,查干芒和,CGH
内蒙古,查干诺尔,CGE
内蒙古,查干特格,CGG
内蒙古,察素齐,CSQ
内蒙古,厂汗,CHA
内蒙古,朝格温多尔,CGE
内蒙古,朝脑沟,CNG
内蒙古,朝原,CYU
内蒙古,朝中,CZH
内蒙古,车家营子,CJZ
内蒙古,成吉思汗,CJH
内蒙古,赤峰,CFE
内蒙古,赤峰东,CFD
内蒙古,赤峰西,CFX
内蒙古,楚鲁图,CLT
内蒙古,瓷窑湾,CYW
内蒙古,达盖,DGA
内蒙古,达拉特旗,DLQ
内蒙古,达拉特西,DLX
内蒙古,达日其嘎,DRG
内蒙古,打拉亥,DLH
内蒙古,大板,DBA
内蒙古,大罕,DHA
内蒙古,大良,DLI
内蒙古,大林,DLI
内蒙古,大陆号,DLH
内蒙古,大其拉哈,DQH
内蒙古,大青沟,DQG
内蒙古,大石寨,DSZ
内蒙古,大树湾,DSW
内蒙古,大雁,DYA
内蒙古,道德,DDE
内蒙古,道老杜,DLD
内蒙古,道仑郭勒,DLL
内蒙古,德伯斯,DBS
内蒙古,德日斯图,DRT
内蒙古,得耳布尔,DEE
内蒙古,刁家段,DJD
内蒙古,东宫,DGO
内蒙古,东壕,DHA
内蒙古,东来,DLA
内蒙古,东明村,DMC
内蒙古,东南营子,DNZ
内蒙古,东胜,DSH
内蒙古,东胜西,DSX
内蒙古,东土城,DTC
内蒙古,东兴,DXI
内蒙古,都伦,DLU
内蒙古,杜尔基,DEJ
内蒙古,杜家台,DJT
内蒙古,多尔本毛道,DED
内蒙古,额济纳,EJN
内蒙古,鄂尔多斯,EES
内蒙古,二道沟,EDG
内蒙古,二道沙河,EDH
内蒙古,二连,ELI
内蒙古,二龙,ELO
内蒙古,丰林,FLI
内蒙古,丰镇,FZH
内蒙古,风水沟,FSG
内蒙古,福巨,FJU
内蒙古,福生庄,FSZ
内蒙古,福兴地,FXD
内蒙古,富林,FLI
内蒙古,嘎拉德斯汰,GLT
内蒙古,嘎什甸子,GSZ
内蒙古,嘎什吐,GST
内蒙古,甘河,GHE
内蒙古,甘旗卡,GQK
内蒙古,高家村,GJC
内蒙古,高林屯,GLT
内蒙古,高台子,GTZ
内蒙古,葛根庙,GGM
内蒙古,格勒,GLE
内蒙古,根河,GHE
内蒙古,公积坂,GJB
内蒙古,公庙子,GMZ
内蒙古,公主埂,GZG
内蒙古,沟口,GKO
内蒙古,孤山子,GSZ
内蒙古,姑家堡,GJB
内蒙古,古城湾,GCW
内蒙古,古里金,GLJ
内蒙古,古鲁满汗,GLH
内蒙古,古营盘,GYP
内蒙古,关碾房,GNF
内蒙古,归流河,GLH
内蒙古,郭尔奔敖包,GRB
内蒙古,哈达,HDA
内蒙古,哈克,HKE
内蒙古,哈拉沟,HLG
内蒙古,哈拉黑,HLH
内蒙古,哈拉苏,HLS
内蒙古,哈日努拉,HRL
内蒙古,哈业胡同,HYT
内蒙古,海拉尔,HLE
内蒙古,韩家村,HJC
内蒙古,罕台川,HTC
内蒙古,汗苏鲁,HSL
内蒙古,杭锦后旗,HJQ
内蒙古,杭锦旗,HJQ
内蒙古,豪门,HME
内蒙古,好力套高,HLG
内蒙古,好鲁库,HLK
内蒙古,赫尔洪得,HED
内蒙古,贺日斯台,HRT
内蒙古,黑沙土,HST
内蒙古,红花沟,HHG
内蒙古,红砂坝,HSB
内蒙古,呼和浩特,HHT
内蒙古,呼和浩特东,HHD
内蒙古,呼和温都尔,HHE
内蒙古,呼吉尔,HJE
内蒙古,忽吉图,HJT
内蒙古,葫芦,HLU
内蒙古,湖北,HBE
内蒙古,湖南,HNA
内蒙古,互做布其,HZQ
内蒙古,花吐古拉,HTL
内蒙古,化德,HDE
内蒙古,黄花筒,HHT
内蒙古,皇德,HDE
内蒙古,灰腾梁,HTL
内蒙古,辉森乌拉西,HSX
内蒙古,汇流河,HLH
内蒙古,霍林郭勒,HLL
内蒙古,霍林河,HLH
内蒙古,吉兰泰,JLT
内蒙古,吉文,JWE
内蒙古,集宁,JNI
内蒙古,集宁南,JNN
内蒙古,贾家街,JJJ
内蒙古,碱柜,JGU
内蒙古,金宝屯,JBT
内蒙古,金河,JHE
内蒙古,金家店,JJD
内蒙古,金林,JLI
内蒙古,金银沟,JYG
内蒙古,经棚,JPE
内蒙古,景阳屯,JYT
内蒙古,静岭,JLI
内蒙古,喀喇其,KLQ
内蒙古,开鲁,KLU
内蒙古,克一河,KYH
内蒙古,库都尔,KDE
内蒙古,库伦,KLU
内蒙古,昆都庙,KDM
内蒙古,昆独仑召,KDZ
内蒙古,喇嘛山,LMS
内蒙古,老府,LFU
内蒙古,老哈河,LHH
内蒙古,老羊壕,LYH
内蒙古,老伊尔施,LYS
内蒙古,莲花山,LHS
内蒙古,林东,LDO
内蒙古,林西,LXI
内蒙古,临河,LHE
内蒙古,陵丘,LQI
内蒙古,岭北,LBE
内蒙古,岭南,LNA
内蒙古,刘伟壕,LWH
内蒙古,六地沟,LDG
内蒙古,芦家村,LJC
内蒙古,马盖图,MGT
内蒙古,马架子,MJZ
内蒙古,马林,MLI
内蒙古,满归,MGU
内蒙古,满洲里,MZL
内蒙古,毛德呼热,MDR
内蒙古,毛告吐,MGT
内蒙古,煤田,MTI
内蒙古,美岱召,MDZ
内蒙古,门达,MDA
内蒙古,猛鹫山,MJS
内蒙古,免渡河,MDH
内蒙古,庙梁,MLI
内蒙古,民族,MZU
内蒙古,明安,MAN
内蒙古,明水河,MSH
内蒙古,莫尔道嘎,MEG
内蒙古,莫尔格,MEG
内蒙古,莫莫营子,MMZ
内蒙古,木里图,MLT
内蒙古,牧原,MYU
内蒙古,那林桃亥,NLH
内蒙古,纳林沟门,NLM
内蒙古,乃林,NLI
内蒙古,奈曼,NMA
内蒙古,南木,NMU
内蒙古,南兴安,NXA
内蒙古,宁家,NJI
内蒙古,牛耳河,NEH
内蒙古,牛汾台,NFT
内蒙古,牛家营子,NJZ
内蒙古,农垦四团,NKT
内蒙古,欧里,OLI
内蒙古,平顶庙,PDM
内蒙古,平庄,PZH
内蒙古,平庄南,PZN
内蒙古,七苏木,QSM
内蒙古,齐哈日格图,QHT
内蒙古,旗山,QSH
内蒙古,旗下营,QXY
内蒙古,旗下营东,QXD
内蒙古,钱家店,QJD
内蒙古,前十家,QSJ
内蒙古,热水,RSH
内蒙古,萨拉齐,SLQ
内蒙古,萨拉齐东,SLD
内蒙古,赛汗塔拉,SHL
内蒙古,赛乌苏,SWS
内蒙古,三把火,SBH
内蒙古,三道桥,SDQ
内蒙古,三道营,SDY
内蒙古,三家子,SJZ
内蒙古,三介海子,SJZ
内蒙古,三义井,SYJ
内蒙古,三营图,SYT
内蒙古,桑根达来,SGL
内蒙古,沙坝子,SBZ
内蒙古,沙力,SLI
内蒙古,沙日乃,SRN
内蒙古,沙沙圪台,SST
内蒙古,山湾子,SWZ
内蒙古,商都,SDU
内蒙古,上店,SDI
内蒙古,舍伯吐,SBT
内蒙古,舍力虎,SLH
内蒙古,神东,SDO
内蒙古,十八台,SBT
内蒙古,石拐,SGU
内蒙古,石灰窑,SHY
内蒙古,石门村,SMC
内蒙古,石门子,SMZ
内蒙古,石圪台,SGT
内蒙古,双泡子,SPZ
内蒙古,双山屯,SST
内蒙古,水地,SDI
内蒙古,四道湾,SDW
内蒙古,四分地,SFD
内蒙古,四分滩,SFT
内蒙古,四合,SHE
内蒙古,四合台,SHT
内蒙古,苏宏图,SHT
内蒙古,苏集,SJI
内蒙古,索伦,SLU
内蒙古,索图罕,STH
内蒙古,塔尔气,TEQ
内蒙古,塔拉哈尔,TLE
内蒙古,塔力根土,TLT
内蒙古,台阁牧,TGM
内蒙古,太平庄,TPZ
内蒙古,桃儿湾,TEW
内蒙古,桃司兔,TST
内蒙古,陶卜齐,TBQ
内蒙古,陶思浩,TSH
内蒙古,天鹅湖,TEH
内蒙古,天义,TYI
内蒙古,通辽,TLI
内蒙古,通辽北,TLB
内蒙古,通辽东,TLD
内蒙古,通辽西,TLX
内蒙古,头道井,TDJ
内蒙古,头道桥,TDQ
内蒙古,图呼木,THM
内蒙古,图克木庙,TKM
内蒙古,图里河,TLH
内蒙古,土贵乌拉,TGL
内蒙古,土牧尔台,TMT
内蒙古,吐列毛杜,TLD
内蒙古,瓦房,WFA
内蒙古,瓦窑坝,WYB
内蒙古,完工,WGO
内蒙古,万水泉,WSQ
内蒙古,万水泉南,WSN
内蒙古,卫东,WDO
内蒙古,温都和硕,WDS
内蒙古,卧牛河,WNH
内蒙古,沃博尔,WBE
内蒙古,乌尔旗汗,WEH
内蒙古,乌固诺尔,WGE
内蒙古,乌海,WHA
内蒙古,乌海北,WHB
内蒙古,乌海西,WHX
内蒙古,乌拉山,WLS
内蒙古,乌拉特前旗,WLQ
内蒙古,乌兰哈达,WLD
内蒙古,乌兰浩特,WLT
内蒙古,乌兰胡同,WLT
内蒙古,乌兰花,WLH
内蒙古,乌兰木伦,WLL
内蒙古,乌兰丘,WLQ
内蒙古,乌兰中,WLZ
内蒙古,乌奴耳,WNE
内蒙古,乌日根塔拉,WRL
内蒙古,乌日图,WRT
内蒙古,乌斯台,WST
内蒙古,乌斯土,WST
内蒙古,五叉沟,WCG
内蒙古,五道木,WDM
内蒙古,五十家子,WSZ
内蒙古,五原,WYU
内蒙古,西斗铺,XDP
内蒙古,西胡尔清,XHQ
内蒙古,西口,XKO
内蒙古,西里,XLI
内蒙古,西岭口,XLK
内蒙古,西六方,XLF
内蒙古,西土城,XTC
内蒙古,西小沟,XXG
内蒙古,西小召,XXZ
内蒙古,西哲里木,XZM
内蒙古,锡林浩特,XLT
内蒙古,锡林呼都嘎,XLG
内蒙古,汐子,XZI
内蒙古,下坑子,XKZ
内蒙古,夏拉哈马,XLM
内蒙古,响沙湾,XSW
内蒙古,小北,XBE
内蒙古,小河沿,XHY
内蒙古,新艾里,XAL
内蒙古,新安庄,XAZ
内蒙古,新绰源,XCY
内蒙古,新街,XJI
内蒙古,新南沟,XNG
内蒙古,新窝铺,XWP
内蒙古,新贤城,XXC
内蒙古,新帐房,XZF
内蒙古,星耀,XYA
内蒙古,兴安岭,XAL
内蒙古,兴和,XHE
内蒙古,兴和西,XHX
内蒙古,牙克石,YKS
内蒙古,牙拉盖图,YLT
内蒙古,衙门庙,YMM
内蒙古,衙门营,YMY
内蒙古,雅鲁,YLU
内蒙古,岩山,YSH
内蒙古,燕舞,YWU
内蒙古,杨家营,YJY
内蒙古,羊场,YCH
内蒙古,伊尔施,YES
内蒙古,伊和恩格拉,YHL
内蒙古,伊图里河,YTH
内蒙古,营盘湾,YPW
内蒙古,永王庄,YWZ
内蒙古,友谊水库,YYK
内蒙古,于海屯,YHT
内蒙古,余粮堡,YLP
内蒙古,宇宙地,YZD
内蒙古,育新,YXI
内蒙古,元宝山,YBS
内蒙古,原林,YLI
内蒙古,云端,YDU
内蒙古,扎兰屯,ZLT
内蒙古,扎鲁特,ZLT
内蒙古,扎罗木得,ZLD
内蒙古,扎赉诺尔,ZLE
内蒙古,扎赉诺尔西,ZLX
内蒙古,哲里木,ZLM
内蒙古,正镶白旗,ZXQ
内蒙古,治安,ZAN
内蒙古,中台子,ZTZ
内蒙古,忠工屯,ZGT
内蒙古,珠日河牧场,ZRC
内蒙古,珠斯花,ZSH
内蒙古,朱日和,ZRH
内蒙古,转龙湾,ZLW
内蒙古,准沙日乌苏,ZSS
内蒙古,卓资东,ZZD
内蒙古,卓资山,ZZS
内蒙古,紫沟,ZGO
内蒙古,莺歌,YGE
内蒙古,嵯岗,CGA
内蒙古,贲红,BHO
内蒙古,胪滨,LBI
宁夏,艾家村,AJC
宁夏,白芨沟,BJG
宁夏,长农,CNO
宁夏,大坝,DBA
宁夏,大战场,DZC
宁夏,大磴沟,DDG
宁夏,二营,EYI
宁夏,干塘,GTA
宁夏,固原,GYU
宁夏,韩府湾,HFW
宁夏,红寺堡,HSP
宁夏,呼鲁斯太,HLT
宁夏,黄羊滩,HYT
宁夏,黄羊湾,HYW
宁夏,惠农,HNO
宁夏,李旺,LWA
宁夏,灵武,LWU
宁夏,柳家庄,LJZ
宁夏,六盘山,LPS
宁夏,暖泉,NQU
宁夏,彭阳,PYA
宁夏,平罗,PLU
宁夏,七营,QYI
宁夏,青铜峡,QTX
宁夏,汝箕沟,RJG
宁夏,三关口,SGK
宁夏,三营,SYI
宁夏,沙坡头,SPT
宁夏,沈家河,SJH
宁夏,石坝,SBA
宁夏,石嘴山,SZS
宁夏,太阳山,TYS
宁夏,同心,TXI
宁夏,土桥子,TQZ
宁夏,王团庄,WTZ
宁夏,西大滩,XDT
宁夏,宣和,XHE
宁夏,盐池,YCH
宁夏,银川,YCH
宁夏,银川南,YCN
宁夏,迎水桥,YSQ
宁夏,中宁,ZNI
宁夏,中宁东,ZND
宁夏,中宁南,ZNN
宁夏,中卫,ZWE
宁夏,褚家湾,ZJW
青海,八盘峡,BPX
青海,察尔汗,CEH
青海,德令哈,DLH
青海,刚察,GCH
青海,格尔木,GEM
青海,哈尔盖,HEG
青海,海石湾,HSW
青海,海晏,HYA
青海,花庄,HZH
青海,柯柯,KKE
青海,乐都,LDU
青海,平安驿,PAY
青海,水车湾,SCW
青海,天峻,TJU
青海,乌兰,WLA
青海,西宁,XNI
青海,西宁西,XNX
青海,锡铁山,XTS
青海,饮马峡,YMX
青海,张家祠,ZJC
青海,沱沱河,TTH
青海,湟源,HYU
山东,北牟,BMU
山东,博山,BSH
山东,博兴,BXI
山东,埠西头,BXT
山东,沧口,CKO
山东,曹县,CXI
山东,草庙子,CMZ
山东,昌乐,CLE
山东,常庄,CZH
山东,城阳,CYA
山东,磁窑,CYA
山东,崔马庄所,CMS
山东,大港,DGA
山东,大昆仑,DKL
山东,党家庄,DJZ
山东,德州,DZH
山东,德州东,DZD
山东,定陶,DTA
山东,东明县,DMX
山东,东营,DYI
山东,范镇,FZH
山东,费县,FXI
山东,高密,GMI
山东,海阳,HYA
山东,菏泽,HZE
山东,菏泽南,HZN
山东,黑旺,HWA
山东,桓台,HTA
山东,黄口,HKO
山东,济南,JNA
山东,济南东,JND
山东,济南西,JNX
山东,济南中心,JNX
山东,济宁,JNI
山东,济铁旅,JTL
山东,嘉祥,JXI
山东,胶州,JZH
山东,胶州北,JZB
山东,巨野,JYE
山东,口头,KTO
山东,莱芜东,LWD
山东,莱芜西,LWX
山东,莱西,LXI
山东,莱阳,LYA
山东,蓝村,LCU
山东,梁堤头,LDT
山东,梁山,LSH
山东,聊城,LCH
山东,聊城北,LCB
山东,临清,LQI
山东,临西,LXI
山东,临沂,LYI
山东,临沂北,LYB
山东,临淄,LZI
山东,刘征,LZH
山东,南博山,NBS
山东,南仇,NCH
山东,南定,NDI
山东,平邑,PYI
山东,平原,PYU
山东,铺集,PJI
山东,桥南,QNA
山东,青岛,QDA
山东,青岛北,QDB
山东,青州市,QZS
山东,曲阜,QFU
山东,曲阜东,QFD
山东,日照,RZH
山东,乳山,RSH
山东,上高镇,SGZ
山东,司家岭,SJL
山东,四方,SFA
山东,算王庄,SWZ
山东,泰安,TAN
山东,泰山,TSH
山东,桃村,TCU
山东,桃村东,TCD
山东,威海,WHA
山东,潍坊,WFA
山东,文登,WDE
山东,五莲,WLI
山东,西桐古,XTG
山东,下初,XCH
山东,烟台,YTA
山东,燕家庄,YJZ
山东,阳谷,YGU
山东,沂南,YNA
山东,沂水,YSH
山东,禹城,YCH
山东,源迁,YQI
山东,枣庄,ZZH
山东,枣庄西,ZZX
山东,章丘,ZQI
山东,诸城,ZCH
山东,诸往,ZWA
山东,淄博,ZBO
山东,淄川,ZCH
山东,邹城,ZCH
山东,兖州,YZH
山东,郓城,YCH
山东,郯城,TCH
山东,鄄城,JCH
山东,莒南,JNA
山东,莒县,JXI
山东,蔺家楼,LJL
山东,泗水,SSH
山东,晏城,YCH
山东,晏城北,YCB
山东,滕州,TZH
山东,滕州东,TZD
山西,安塘,ATA
山西,白壁关,BBG
山西,保德,BDE
山西,堡子湾,PZW
山西,北白,BBA
山西,北板桥,BBQ
山西,北六堡,BLP
山西,北义井,BYJ
山西,北营,BYI
山西,播明,BMI
山西,常村,CCU
山西,长治,CZH
山西,长治北,CZB
山西,长子,ZZI
山西,程家,CJI
山西,大涧,DJI
山西,大同,DTO
山西,大同东,DTD
山西,大辛庄,DXZ
山西,大营,DYI
山西,代县,DXI
山西,弹音,TYI
山西,定襄,DXI
山西,东坡,DPO
山西,东田良,DTL
山西,东阳关,DYG
山西,东淤地,DYD
山西,东元庆,DYQ
山西,东镇,DZH
山西,东庄,DZH
山西,豆罗,DLU
山西,兑镇,DZH
山西,繁峙,FSH
山西,汾河,FHE
山西,汾阳,FYA
山西,风陵渡,FLD
山西,高村,GCU
山西,高平,GPI
山西,孤山,GSH
山西,古店,GDI
山西,古东,GDO
山西,古交,GJI
山西,韩家岭,HJL
山西,韩家楼,HJL
山西,河边,HBI
山西,河津,HJI
山西,洪洞,HDO
山西,洪洞西,HDX
山西,侯马,HMA
山西,侯马西,HMX
山西,怀仁,HRE
山西,怀仁东,HRD
山西,霍州,HZH
山西,霍州东,HZD
山西,嘉峰,JFE
山西,蒋村,JCU
山西,交城,JCH
山西,介休,JXI
山西,介休东,JXD
山西,金沙滩,JST
山西,晋城,JCH
山西,晋城北,JCB
山西,晋中,JZH
山西,孔庄,KZH
山西,黎城,LCH
山西,临汾,LFE
山西,临汾西,LFX
山西,灵丘,LQI
山西,灵石,LSH
山西,灵石东,LSD
山西,柳林河,LLH
山西,柳林南,LLN
山西,芦家庄,LJZ
山西,潞城,LCH
山西,吕梁,LLI
山西,漫流河,MLH
山西,鸣李,MLI
山西,磨滩,MTA
山西,南j,NJI
山西,南陈铺,NCP
山西,娘子关,NZG
山西,宁武,NWU
山西,平社,PSH
山西,平旺,PWA
山西,平型关,PXG
山西,平遥,PYA
山西,平遥古城,PYC
山西,祁县,QXI
山西,祁县东,QXD
山西,秦家庄,QJZ
山西,沁县,QXI
山西,清徐,QXU
山西,赛鱼,SYU
山西,三岔镇,SCZ
山西,山阴,SYI
山西,神池,SCH
山西,神池南,SCN
山西,神头,STO
山西,寿阳,SYA
山西,水洋,SYA
山西,朔州,SZH
山西,朔州西,SZX
山西,太谷,TGU
山西,太谷西,TGX
山西,太原,TYU
山西,太原北,TYB
山西,太原东,TYD
山西,太原南,TYN
山西,天镇,TZH
山西,王家寨,WJZ
山西,微子镇,WZZ
山西,文水,WSH
山西,闻喜,WXI
山西,闻喜西,WXX
山西,武乡,WXI
山西,五台山,WTS
山西,五寨,WZH
山西,西贺村,XHC
山西,西武匠,XWJ
山西,西阳村,XYC
山西,西张,XZH
山西,下社,XSH
山西,夏店,XDI
山西,襄汾,XFE
山西,襄汾西,XFX
山西,襄垣,XYU
山西,小宋,XSO
山西,孝南,XNA
山西,孝西,XXI
山西,新绛,XJI
山西,忻州,XZH
山西,修文,XWE
山西,轩岗,XGA
山西,薛孤,XGU
山西,岩会,YHU
山西,阳城,YCH
山西,阳方口,YFK
山西,阳高,YGA
山西,阳明堡,YMP
山西,阳曲,YQU
山西,阳泉,YQU
山西,阳泉北,YQB
山西,阳泉曲,YQQ
山西,阴塔,YTA
山西,应县,YXI
山西,永济,YJI
山西,永济北,YJB
山西,永嘉堡,YJP
山西,榆次,YCI
山西,榆社,YSH
山西,禹门口,YMK
山西,原平,YPI
山西,运城,YCH
山西,运城北,YCB
山西,枣林,ZLI
山西,张兰,ZLA
山西,赵城,ZCH
山西,赵庄,ZZH
山西,镇城底,ZCD
山西,岢岚,KLA
山西,岱岳,DYU
山西,稷山,JSH
陕西,安康,AKA
陕西,白河东,BHD
陕西,白河县,BHX
陕西,白水江,BSJ
陕西,宝鸡,BJI
陕西,宝鸡南,BJN
陕西,蔡家坡,CJP
陕西,曹家伙场,CJC
陕西,茶镇,CZH
陕西,城固,CGU
陕西,池河,CHE
陕西,大保当,DBD
陕西,大荔,DLI
陕西,大荔北,DLB
陕西,大竹园,DZY
陕西,丹凤,DFE
陕西,道镇,DZH
陕西,定边,DBI
陕西,洞子崖,DZY
陕西,杜赵,DZH
陕西,冯家山,FJS
陕西,凤县,FXI
陕西,凤翔,FXI
陕西,凤州,FZH
陕西,福临堡,FLP
陕西,府谷,FGU
陕西,富县,FXI
陕西,富县东,FXD
陕西,甘泉,GQU
陕西,甘泉北,GQB
陕西,高梁铺,GLP
陕西,高滩,GTA
陕西,高潭子,GTZ
陕西,孤山川,GSC
陕西,韩城,HCH
陕西,汉阴,HYI
陕西,汉中,HZH
陕西,何寨,HZH
陕西,合阳,HYA
陕西,横现河,HXH
陕西,红花铺,HHP
陕西,红卫坝,HWB
陕西,华山,HSH
陕西,华山北,HSB
陕西,黄陵,HLI
陕西,黄羊城,HYC
陕西,火烧寨,HSZ
陕西,涧池铺,JCP
陕西,锦界,JJI
陕西,靖边,JBI
陕西,巨亭,JTI
陕西,乐素河,LSH
陕西,李家河,LJH
陕西,临潼,LTO
陕西,临潼东,LTD
陕西,零口,LKO
陕西,刘家沟,LJG
陕西,陇县,LXI
陕西,吕河,LHE
陕西,略阳,LYA
陕西,洛川东,LCD
陕西,麻柳,MLI
陕西,马蹄湾,MTW
陕西,毛坝关,MBG
陕西,梅子铺,MZP
陕西,米脂,MZH
陕西,勉西,MXI
陕西,勉县,MXI
陕西,娘娘庙,NNM
陕西,牛家梁,NJL
陕西,坡底村,PDC
陕西,蒲城,PCH
陕西,蒲城东,PCD
陕西,千河,QHE
陕西,千阳,QYA
陕西,秦岭,QLI
陕西,清涧县,QJX
陕西,三花石,SHS
陕西,三原,SYU
陕西,商洛,SLU
陕西,商南,SNA
陕西,神木,SMU
陕西,神木北,SMB
陕西,神木西,SMX
陕西,生芝渠,SZQ
陕西,石庙沟,SMG
陕西,石泉县,SQX
陕西,史家铺,SJP
陕西,蜀河,SHE
陕西,水沟,SGO
陕西,苏家坡,SJP
陕西,绥德,SDE
陕西,孙镇,SZH
陕西,田庄镇,TZZ
陕西,瓦窑堡,WYP
陕西,湾李所,WLS
陕西,韦庄,WZH
陕西,魏家楼,WJL
陕西,渭南,WNA
陕西,渭南北,WNB
陕西,渭南南,WNN
陕西,吴堡,WPU
陕西,武功,WGO
陕西,西安,XAN
陕西,西安北,XAB
陕西,西安东,XAD
陕西,西安南,XAN
陕西,西沟,XGO
陕西,西社,XSH
陕西,西乡,XXI
陕西,咸阳,XYA
陕西,咸阳秦都,XYD
陕西,向阳镇,XYZ
陕西,小河镇,XHZ
陕西,新城川,XCC
陕西,新丰镇,XFZ
陕西,兴平,XPI
陕西,徐家坪,XJP
陕西,旬阳,XYA
陕西,旬阳北,XYB
陕西,延安,YAN
陕西,阎良,YLI
陕西,燕子砭,YZB
陕西,砚川,YCH
陕西,杨陵,YLI
陕西,杨陵南,YLN
陕西,洋县,YXI
陕西,阳平关,YPG
陕西,窑村,YCU
陕西,义合镇,YHZ
陕西,营镇,YZH
陕西,永乐店,YLD
陕西,榆林,YLI
陕西,早阳,ZYA
陕西,张家船,ZJC
陕西,张桥,ZQI
陕西,镇安,ZAN
陕西,钟家村,ZJC
陕西,紫阳,ZYA
陕西,子长,ZCH
陕西,子洲,ZZH
陕西,棕溪,ZXI
陕西,柞水,ZSH
陕西,岐山,QSH
陕西,潼关,TGU
陕西,灞桥,BQI
陕西,缯溪河,ZXH
陕西,晏家坝,YJB
陕西,虢镇,GZH
陕西,蟠龙镇,PLZ
上海,安亭北,ATB
上海,车墩,CDU
上海,春申,CSH
上海,封浜,FBA
上海,枫泾,FJI
上海,海湾,HWA
上海,黄渡,HDU
上海,黄渡所,HDS
上海,金山北,JSB
上海,金山卫,JSW
上海,金山卫东,JSD
上海,金山卫西,JSX
上海,金山园区,JSQ
上海,芦潮港,LCG
上海,南翔北,NXB
上海,南翔北所,NXS
上海,七宝,QBA
上海,山阳,SYA
上海,上海,SHA
上海,上海虹桥,SHQ
上海,上海南,SHN
上海,上海西,SHX
上海,四团,STU
上海,松江,SJI
上海,松江南,SJN
上海,亭林,TLI
上海,新桥,XQI
上海,叶榭,YXI
上海,漕泾,CJI
四川,阿寨,AZH
四川,埃岱,ADA
四川,安德,ADE
四川,安富镇,AFZ
四川,安家湾,AJW
四川,安靖,AJI
四川,巴山,BSH
四川,巴中,BZH
四川,白果,BGU
四川,白石岩,BSY
四川,白水,BSH
四川,柏村,BCU
四川,柏林,BLI
四川,丙谷,BGU
四川,步行街,BXJ
四川,长河坝,CHB
四川,长河碥,CHB
四川,长沙埂,CSG
四川,朝天,CTI
四川,陈家湾,CJW
四川,成都,CDU
四川,成都东,CDD
四川,成都南,CDN
四川,茨坝,CBA
四川,达州,DZH
四川,大山铺,DSP
四川,大滩,DTA
四川,大英,DYI
四川,大英东,DYD
四川,代湾,DWA
四川,德昌,DCH
四川,德阳,DYA
四川,登瀛崖,DYY
四川,都江堰,DJY
四川,渡口,DKO
四川,渡市,DSH
四川,峨边,EBI
四川,峨眉,EME
四川,峨眉山,EMS
四川,尔赛河,ESH
四川,峰高铺,FGP
四川,福溪,FXI
四川,甘洛,GLU
四川,高兴,GXI
四川,格里坪,GLP
四川,公兴,GXI
四川,共和,GHE
四川,古家沱,GJT
四川,关村坝,GCB
四川,广安,GAN
四川,广安南,GAN
四川,广汉,GHA
四川,广汉北,GHB
四川,广顺场,GSC
四川,广元,GYU
四川,广元东,GYD
四川,广元南,GYN
四川,汉王山,HWS
四川,汉旺,HWA
四川,汉源,HYU
四川,横江,HJI
四川,洪安乡,HAX
四川,红峰,HFE
四川,红光镇,HGZ
四川,红花塘,HHT
四川,侯家坪,HJP
四川,花楼坝,HLB
四川,花棚子,HPZ
四川,华蓥,HYI
四川,黄家坝,HJB
四川,黄联关,HLG
四川,黄水塘,HST
四川,黄洋,HYA
四川,黄,HQI
四川,嘉川,JCH
四川,简阳,JYA
四川,江油,JYO
四川,金刚沱,JGT
四川,金口河,JKH
四川,金沙湾,JSW
四川,金堂,JTA
四川,经久,JJI
四川,敬梓场,JZC
四川,九里,JLI
四川,聚源,JYU
四川,开江,KJI
四川,孔滩,KTA
四川,拉白,LBA
四川,拉,LZH
四川,栏杆滩,LGT
四川,乐坝,LBA
四川,乐山,LSH
四川,乐山北,LSB
四川,乐武,LWU
四川,乐跃,LYU
四川,离堆公园,LDY
四川,李冰广场,LBC
四川,李市镇,LSZ
四川,礼州,LZH
四川,联合乡,LHX
四川,凉红,LHO
四川,临巴溪,LBX
四川,临江场,LJC
四川,临江寺,LJS
四川,灵仙庙,LXM
四川,刘沟,LGO
四川,龙潭寺,LTS
四川,隆昌,LCH
四川,罗江,LJI
四川,罗江东,LJD
四川,麻栗,MLI
四川,马村,MCU
四川,马角坝,MJB
四川,马街,MJI
四川,漫水湾,MSW
四川,毛坝,MBA
四川,眉山,MSH
四川,眉山东,MSD
四川,米易,MYI
四川,密地,MDI
四川,绵阳,MYA
四川,冕宁,MNI
四川,冕山,MSH
四川,庙子沟,MZG
四川,墨池坝,MCB
四川,木瓜坪,MGP
四川,南岸坝,NAB
四川,南充,NCH
四川,南充东,NCD
四川,南尔岗,NEG
四川,内江,NJI
四川,内江南,NJN
四川,尼波,NBO
四川,尼日,NRI
四川,牛坪子,NPZ
四川,攀枝花,PZH
四川,彭山,PSH
四川,彭山北,PSB
四川,彭州,PZH
四川,彭州南,PZN
四川,蓬安,PAN
四川,蓬溪,PXI
四川,平等,PDE
四川,蒲坝,PBA
四川,蒲家,PJI
四川,普济,PJI
四川,普兴,PXI
四川,普雄,PXI
四川,青白江东,QBD
四川,青城山,QCS
四川,青杠,QGA
四川,青花,QHU
四川,青莲,QLI
四川,青龙场,QLC
四川,青神,QSH
四川,渠县,QXI
四川,冉家河,RJH
四川,赛金桥,SJQ
四川,三道堰,SDY
四川,三堆子,SDZ
四川,三汇坝,SHB
四川,三汇镇,SHZ
四川,沙坝,SBA
四川,沙马拉达,SMD
四川,沙湾,SWA
四川,上格达,SGD
四川,上普雄,SPX
四川,尚武,SWU
四川,师庄,SZH
四川,石板滩,SBT
四川,石场,SCH
四川,石桥镇,SQZ
四川,石柱槽,SZC
四川,双凤驿,SFY
四川,双福,SFU
四川,双流,SLI
四川,双流机场,SLC
四川,双流西,SLX
四川,双龙,SLO
四川,双石桥,SSQ
四川,顺河场,SHC
四川,思,SME
四川,苏雄,SXI
四川,遂宁,SNI
四川,遂宁南,SNN
四川,太和,THE
四川,铁口,TKO
四川,铁西,TXI
四川,桐子林,TZL
四川,土溪,TXI
四川,瓦祖,WZU
四川,弯,WQI
四川,万盛,WSH
四川,万源,WYU
四川,王场,WCH
四川,旺苍,WCA
四川,吴场,WCH
四川,五凤溪,WFX
四川,西昌,XCH
四川,西昌北,XCB
四川,西昌南,XCN
四川,犀浦,XPU
四川,犀浦东,XPD
四川,喜德,XDE
四川,下两,XLI
四川,下普雄,XPX
四川,小高,XGA
四川,新都东,XDD
四川,新江,XJI
四川,新津,XJI
四川,新津南,XJN
四川,新凉,XLI
四川,新民场,XMC
四川,新铁村,XTC
四川,宣汉,XHA
四川,巡场,XCH
四川,燕岗,YGA
四川,杨漩,YXU
四川,养马河,YMH
四川,一步滩,YBT
四川,宜宾,YBI
四川,宜宾南,YBN
四川,营山,YSH
四川,迎宾路,YBL
四川,迎祥街,YXJ
四川,永郎,YLA
四川,油溪,YXI
四川,俞冲,YCH
四川,鱼洞,YDO
四川,元坝,YBA
四川,越西,YXI
四川,岳池,YCH
四川,月华,YHU
四川,枣子林,ZZL
四川,竹园坝,ZYB
四川,资阳,ZYA
四川,资中,ZZH
四川,自贡,ZGO
四川,郫县,PXI
四川,郫县东,PXD
四川,郫县西,PXX
四川,垭口,YKO
四川,迤资,YZI
四川,梓潼,ZTO
四川,轸溪,ZXI
四川,旌阳,JYA
四川,覃家坝,QJB
天津,宝坻,BDI
天津,北仓,BCA
天津,别山,BSH
天津,滨海,BHA
天津,滨海北,BHB
天津,曹子里,CZL
天津,茶淀,CDI
天津,崔黄口,CHK
天津,大口屯,DKT
天津,豆张庄,DZZ
天津,汉沟镇,HGZ
天津,汉沽,HGU
天津,蓟县,JXI
天津,蓟县南,JXN
天津,津沪所,JHS
天津,静海,JHA
天津,军粮城北,JLB
天津,芦台,LTA
天津,南仓,NCA
天津,南仓所,NCS
天津,三百吨,SBD
天津,上仓,SCA
天津,泰达,TDA
天津,塘沽,TGU
天津,唐官屯,TGT
天津,天津,TJI
天津,天津北,TJB
天津,天津南,TJN
天津,天津西,TJX
天津,田庄,TZH
天津,武清,WQI
天津,下仓,XCA
天津,杨村,YCU
天津,杨柳青,YLQ
西藏,安多,ADU
西藏,当雄,DXI
西藏,拉萨,LSA
西藏,那曲,NQU
西藏,尼木,NMU
西藏,曲水县,QSX
西藏,仁布,RBU
西藏,日喀则,RKZ
西藏,协荣,XRO
新疆,阿克苏,AKS
新疆,阿克陶,AKT
新疆,阿拉山口,ALK
新疆,阿图什,ATS
新疆,巴楚,BCH
新疆,包尔海,BEH
新疆,北屯市,BTS
新疆,博乐,BLE
新疆,布列开,BLK
新疆,柴窝堡,CWP
新疆,达板城,DBC
新疆,二堡,EPU
新疆,福海,FHA
新疆,哈密,HMI
新疆,哈密东,HMD
新疆,哈密南,HMN
新疆,和静,HJI
新疆,和什托洛盖,HSG
新疆,和田,HTI
新疆,红光,HGU
新疆,红旗村,HQC
新疆,火石泉,HSQ
新疆,霍尔果斯,HES
新疆,金银川,JYC
新疆,精河,JHE
新疆,精河南,JHN
新疆,喀什,KSH
新疆,柯坪,KPI
新疆,克拉玛依,KLY
新疆,库车,KCH
新疆,库尔勒,KEL
新疆,奎屯,KTU
新疆,了墩,LDU
新疆,柳树泉,LSQ
新疆,轮台,LTA
新疆,玛纳斯,MNS
新疆,玛纳斯湖,MNH
新疆,煤窑沟,MYG
新疆,墨玉,MYU
新疆,尼勒克,NLK
新疆,皮山,PSH
新疆,七泉湖,QQH
新疆,三葛庄,SGZ
新疆,莎车,SCH
新疆,沙湾县,SWX
新疆,山口,SKO
新疆,十三间房,SSF
新疆,石河子,SHZ
新疆,疏勒,SLE
新疆,思甜,STI
新疆,天湖,THU
新疆,吐鲁番,TLF
新疆,尾亚,WYA
新疆,乌拉泊,WLB
新疆,乌鲁木齐,WLQ
新疆,乌西,WXI
新疆,五五,WWU
新疆,新和,XHE
新疆,幸福滩,XFT
新疆,焉耆,YQI
新疆,盐湖,YHU
新疆,盐泉,YQU
新疆,叶城,YCH
新疆,伊宁,YNI
新疆,伊宁东,YND
新疆,英吉沙,YJS
新疆,鱼儿沟,YEG
新疆,泽普,ZPU
新疆,鄯善,SSH
云南,阿南庄,ANZ
云南,白沙坡,BSP
云南,白水镇,BSZ
云南,白塔村,BTC
云南,班猫箐,BMQ
云南,碧鸡关,BJG
云南,苍坪,CPI
云南,草坝,CBA
云南,岔河,CHE
云南,长冲,CCH
云南,长坡岭,CPL
云南,车转湾,CZW
云南,呈贡,CGO
云南,赤木岭,CML
云南,楚雄,CXI
云南,大德,DDE
云南,大关,DGU
云南,大旧庄,DJZ
云南,大理,DLI
云南,大理北,DLB
云南,大理东,DLD
云南,大田边,DTB
云南,大湾子,DWZ
云南,大苴,DJU
云南,邓家湾,DJW
云南,甸尾,DWE
云南,甸心,DXI
云南,甸苴坝,DJB
云南,豆沙关,DSG
云南,读书铺,DSP
云南,二道桥,EDQ
云南,凤凰山,FHS
云南,凤仪村,FYC
云南,富源,FYU
云南,高楼房,GLF
云南,格以头,GYT
云南,广南卫,GNW
云南,广通,GTO
云南,广通北,GTB
云南,广卫村,GWC
云南,鹤庆,HQI
云南,黑井,HJI
云南,黑土凹,HTA
云南,红江,HJI
云南,黄瓜园,HGY
云南,鸡街,JJI
云南,建水,JSH
云南,建水北,JSB
云南,江所田,JST
云南,金马村,JMC
云南,浸长村,QCC
云南,昆明,KMI
云南,昆明北,KMB
云南,昆明西,KMX
云南,昆阳,KYA
云南,乐善村,LSC
云南,李浩寨,LHZ
云南,丽江,LJI
云南,临江溪,LJX
云南,龙骨甸,LGD
云南,龙塘坝,LTB
云南,芦沟,LGO
云南,禄丰,LFE
云南,禄丰南,LFN
云南,陆良,LLI
云南,罗平,LPI
云南,马房,MFA
云南,马龙,MLO
云南,茂舍祖,MSZ
云南,蒙自北,MZB
云南,弥渡,MDU
云南,密马龙,MML
云南,木戛,MGA
云南,牧羊村,MYC
云南,南华,NHU
云南,牛街庄,NJZ
云南,跑马山,PMS
云南,平河口,PHK
云南,普洱渡,PED
云南,七甸,QDI
云南,桥头村,QTC
云南,勤丰营,QFY
云南,青龙寺,QLS
云南,秋木园,QMY
云南,曲江,QJI
云南,曲靖,QJI
云南,沙桥,SQI
云南,沙沙坡,SSP
云南,上关,SGU
云南,师宗,SZO
云南,施家嘴,SJZ
云南,石林,SLI
云南,石林南,SLN
云南,柿花树,SHS
云南,双湄村,SMC
云南,水富,SFU
云南,塔石嘴,TSZ
云南,滩头,TTO
云南,棠海,THA
云南,唐房村,TFC
云南,田梁子,TLZ
云南,通海,THA
云南,铜鼓溪,TGX
云南,挖色,WSE
云南,王家营,WJY
云南,王家营西,WJX
云南,温泉,WQU
云南,吴官田,WGT
云南,西街口,XJK
云南,喜鹊乐,XQL
云南,仙水,XSH
云南,祥云,XYU
云南,向隍,XHU
云南,小村,XCU
云南,小得江,XDJ
云南,小儿坪,XEP
云南,小关溪,XGX
云南,小海口,XHK
云南,小路溪,XLX
云南,小哨,XSH
云南,小喜村,XXC
云南,小新街,XXJ
云南,小月旧,XYJ
云南,新安,XAN
云南,宣威,XWE
云南,盐津,YJI
云南,盐津北,YJB
云南,燕子洞,YZD
云南,秧草地,YCD
云南,杨林,YLI
云南,羊堡,YPU
云南,羊臼河,YJH
云南,羊尾哨,YWS
云南,羊者窝,YZW
云南,姚安,YAN
云南,一平浪,YPL
云南,宜良北,YLB
云南,宜耐,YNA
云南,彝良,YLI
云南,彝良南,YLN
云南,尹地,YDI
云南,永丰营,YFY
云南,渔坝村,YBC
云南,玉溪,YXI
云南,玉溪南,YXN
云南,元谋,YMO
云南,泽润里,ZRL
云南,曾家坪子,ZJZ
云南,沾益,ZYI
云南,昭通,ZTO
云南,昭通北,ZTB
云南,昭通南,ZTN
云南,照福铺,ZFP
云南,中滩,ZTA
云南,中谊村,ZYC
云南,中寨,ZZH
云南,沐滂,MPA
浙江,白鹿塘,BLT
浙江,苍南,CNA
浙江,长安镇,CAZ
浙江,长兴,CXI
浙江,长兴南,CXN
浙江,德清,DQI
浙江,德清西,DQX
浙江,奉化,FHU
浙江,海宁,HNI
浙江,海宁西,HNX
浙江,杭州,HZH
浙江,杭州东,HZD
浙江,杭州东所,HZS
浙江,杭州南,HZN
浙江,湖州,HZH
浙江,嘉善,JSH
浙江,嘉善南,JSN
浙江,嘉兴,JXI
浙江,嘉兴南,JXN
浙江,江山,JSH
浙江,金华南,JHN
浙江,金华西,JHX
浙江,兰溪,LXI
浙江,乐清,YQI
浙江,丽水,LSH
浙江,临海,LHA
浙江,龙游,LYO
浙江,宁波,NBO
浙江,宁波东,NBD
浙江,宁海,NHA
浙江,浦江,PJI
浙江,千岛湖,QDH
浙江,青田,QTI
浙江,瑞安,RAN
浙江,三门县,SMX
浙江,上虞,SYU
浙江,上虞北,SYB
浙江,绍兴,SXI
浙江,绍兴北,SXB
浙江,绅坊,SFA
浙江,台州,TZH
浙江,桐乡,TXI
浙江,温岭,WLI
浙江,温州,WZH
浙江,温州南,WZN
浙江,武义,WYI
浙江,新安江,XAJ
浙江,新东孝,XDX
浙江,新塘边,XTB
浙江,雁荡山,YDS
浙江,义乌,YWU
浙江,永昌,YCH
浙江,永嘉,YJI
浙江,永康,YKA
浙江,余杭,YHA
浙江,余姚,YYA
浙江,余姚北,YYB
浙江,诸暨,ZJI
浙江,庄桥,ZQI
浙江,衢州,QZH
浙江,缙云,JYU
浙江,笕桥,JQI
浙江,艮山门,GSM
浙江,鳌江,AJI
重庆,白马,BMA
重庆,白沙,BSH
重庆,白沙沱,BST
重庆,白涛,BTA
重庆,保家楼,BJL
重庆,北碚,BBE
重庆,长寿,CSH
重庆,长寿北,CSB
重庆,长潭沟,CTG
重庆,大足,DZU
重庆,东升坝,DSB
重庆,丰都,FDU
重庆,涪陵,FLI
重庆,涪陵北,FLB
重庆,复盛,FSH
重庆,干溪沟,GXG
重庆,甘家坝,GJB
重庆,赶水,GSH
重庆,高谷,GGU
重庆,核桃园,HTY
重庆,合川,HCH
重庆,江津,JJI
重庆,梨树湾,LSW
重庆,梁平,LPI
重庆,龙池,LCH
重庆,麻旺,MWA
重庆,梅江,MJI
重庆,庙坝,MBA
重庆,民福寺,MFS
重庆,磨溪,MXI
重庆,磨心坡,MXP
重庆,南川,NCH
重庆,彭水,PSH
重庆,七龙星,QLX
重庆,齐岳山,QYS
重庆,黔江,QJI
重庆,茄子溪,QZX
重庆,荣昌,RCH
重庆,三江,SJI
重庆,沙坪坝,SPB
重庆,石门坎,SMK
重庆,石柱县,SZX
重庆,石子坝,SZB
重庆,石沱,STU
重庆,双溪,SXI
重庆,水江,SJI
重庆,太洪,THO
重庆,唐家沱,TJT
重庆,铜罐驿,TGY
重庆,土坎,TKA
重庆,团结村,TJC
重庆,万州,WZH
重庆,王家坝,WJB
重庆,武隆,WLO
重庆,五桥,WQI
重庆,夏坝,XBA
重庆,小南海,XNH
重庆,小南垭,XNY
重庆,秀山,XSH
重庆,鸭江,YJI
重庆,永川,YCH
重庆,酉阳,YYA
重庆,鱼背山,YBS
重庆,鱼泉,YQU
重庆,鱼嘴,YZU
重庆,郁山,YSH
重庆,镇紫街,ZZJ
重庆,中嘴,ZZU
重庆,重庆,CQI
重庆,重庆北,CQB
重庆,重庆东,CQD
重庆,重庆南,CQN
重庆,重庆西,CQX
重庆,朱杨溪,ZYX
重庆,蔺市,LSH
重庆,泔溪,GXI
重庆,潼南,TNA
重庆,珞璜,LHU
重庆,綦江,QJI
